window_index,start_sec,end_sec,label,label_index,reason,airflow_min,airflow_median,low_airflow_fraction,very_low_airflow_fraction,very_low_airflow_run_sec,low_airflow_run_sec,spo2_min,spo2_drop,low_spo2_run_sec,movement_high_fraction,movement_high_run_sec,snoring_high_fraction,snoring_high_run_sec
0,0,60,Normal,0,No sustained airflow reduction with oxygen drop,30.0,31.0,0.0,0.0,0.0,0.0,65.0,34.0,13.666666666666666,0.13333333333333333,4.0,0.05555555555555555,2.3333333333333335
1,60,120,Normal,0,No sustained airflow reduction with oxygen drop,29.077991452991448,31.0,0.0,0.0,0.0,0.0,71.0,25.0,11.333333333333334,0.13333333333333333,4.0,0.07222222222222222,1.6666666666666667
2,120,180,Normal,0,No sustained airflow reduction with oxygen drop,30.0,31.0,0.0,0.0,0.0,0.0,71.0,25.0,10.333333333333334,0.0,0.0,0.044444444444444446,1.0
3,180,240,Normal,0,No sustained airflow reduction with oxygen drop,30.18835978835982,31.0,0.0,0.0,0.0,0.0,65.0,31.0,14.333333333333334,0.06666666666666667,4.0,0.0,0.0
4,240,300,Normal,0,No sustained airflow reduction with oxygen drop,30.0,31.0,0.0,0.0,0.0,0.0,76.0,20.0,4.666666666666667,0.0,0.0,0.0,0.0
5,300,360,Normal,0,No sustained airflow reduction with oxygen drop,30.0,31.0,0.0,0.0,0.0,0.0,76.0,23.0,3.6666666666666665,0.09444444444444444,4.0,0.03333333333333333,1.0
6,360,420,Normal,0,No sustained airflow reduction with oxygen drop,30.0,31.0,0.0,0.0,0.0,0.0,65.0,33.0,6.333333333333333,0.06666666666666667,4.0,0.05,1.3333333333333333
7,420,480,Normal,0,No sustained airflow reduction with oxygen drop,30.0,31.0,0.0,0.0,0.0,0.0,65.0,28.0,36.333333333333336,0.0,0.0,0.0,0.0
8,480,540,Normal,0,No sustained airflow reduction with oxygen drop,30.20000000000007,31.0,0.0,0.0,0.0,0.0,65.0,27.0,24.333333333333332,0.06666666666666667,4.0,0.0,0.0
9,540,600,Normal,0,No sustained airflow reduction with oxygen drop,30.0,31.0,0.0,0.0,0.0,0.0,81.0,14.0,6.333333333333333,0.0,0.0,0.0,0.0
10,600,660,Normal,0,No sustained airflow reduction with oxygen drop,30.0,31.0,0.0,0.0,0.0,0.0,65.0,32.0,6.333333333333333,0.03333333333333333,2.0,0.0,0.0
11,660,720,Normal,0,No sustained airflow reduction with oxygen drop,30.0,31.0,0.0,0.0,0.0,0.0,86.0,10.0,10.333333333333334,0.0,0.0,0.0,0.0
12,720,780,Normal,0,No sustained airflow reduction with oxygen drop,30.049844236760023,31.0,0.0,0.0,0.0,0.0,84.0,11.0,6.0,0.0,0.0,0.0,0.0
13,780,840,Normal,0,No sustained airflow reduction with oxygen drop,30.0,31.0,0.0,0.0,0.0,0.0,65.0,26.0,20.0,0.0,0.0,0.0,0.0
14,840,900,Normal,0,No sustained airflow reduction with oxygen drop,30.264583333333192,31.0,0.0,0.0,0.0,0.0,65.0,29.0,14.333333333333334,0.07222222222222222,4.333333333333333,0.0,0.0
15,900,960,Normal,0,No sustained airflow reduction with oxygen drop,31.0,31.0,0.0,0.0,0.0,0.0,65.0,33.0,22.333333333333332,0.12222222222222222,5.666666666666667,0.0,0.0
16,960,1020,Normal,0,No sustained airflow reduction with oxygen drop,30.0,31.0,0.0,0.0,0.0,0.0,81.0,11.0,16.0,0.0,0.0,0.0,0.0
17,1020,1080,Normal,0,No sustained airflow reduction with oxygen drop,30.0,31.0,0.0,0.0,0.0,0.0,65.0,30.0,12.0,0.13333333333333333,4.0,0.0,0.0
18,1080,1140,Normal,0,No sustained airflow reduction with oxygen drop,30.0,31.0,0.0,0.0,0.0,0.0,87.0,7.0,16.666666666666668,0.0,0.0,0.0,0.0
19,1140,1200,Normal,0,No sustained airflow reduction with oxygen drop,30.0,31.0,0.0,0.0,0.0,0.0,67.0,32.0,10.666666666666666,0.0,0.0,0.0,0.0
20,1200,1260,Normal,0,No sustained airflow reduction with oxygen drop,29.247144340602237,31.0,0.0,0.0,0.0,0.0,65.0,29.0,6.333333333333333,0.0,0.0,0.0,0.0
21,1260,1320,Normal,0,No sustained airflow reduction with oxygen drop,30.0,31.0,0.0,0.0,0.0,0.0,79.0,20.0,9.0,0.027777777777777776,1.6666666666666667,0.0,0.0
22,1320,1380,Normal,0,No sustained airflow reduction with oxygen drop,30.0,31.0,0.0,0.0,0.0,0.0,65.0,32.0,33.333333333333336,0.1,6.0,0.027777777777777776,1.6666666666666667
23,1380,1440,Normal,0,No sustained airflow reduction with oxygen drop,30.14226375908617,31.0,0.0,0.0,0.0,0.0,92.0,7.0,0.0,0.0,0.0,0.03333333333333333,1.0
24,1440,1500,Normal,0,No sustained airflow reduction with oxygen drop,31.0,31.0,0.0,0.0,0.0,0.0,92.0,2.0,0.0,0.0,0.0,0.0,0.0
25,1500,1560,Normal,0,No sustained airflow reduction with oxygen drop,30.153116531165946,31.0,0.0,0.0,0.0,0.0,80.0,15.0,10.0,0.03333333333333333,2.0,0.0,0.0
26,1560,1620,Normal,0,No sustained airflow reduction with oxygen drop,30.0,31.0,0.0,0.0,0.0,0.0,65.0,30.0,10.333333333333334,0.0,0.0,0.0,0.0
27,1620,1680,Normal,0,No sustained airflow reduction with oxygen drop,30.0,31.0,0.0,0.0,0.0,0.0,92.0,3.0,0.0,0.08333333333333333,5.0,0.0,0.0
28,1680,1740,Normal,0,No sustained airflow reduction with oxygen drop,30.0,31.0,0.0,0.0,0.0,0.0,78.0,17.0,10.0,0.11666666666666667,4.0,0.0,0.0
29,1740,1800,Normal,0,No sustained airflow reduction with oxygen drop,30.0,31.0,0.0,0.0,0.0,0.0,78.0,19.0,10.0,0.06666666666666667,4.0,0.0,0.0
30,1800,1860,Normal,0,No sustained airflow reduction with oxygen drop,30.0,31.0,0.0,0.0,0.0,0.0,95.0,2.0,0.0,0.0,0.0,0.0,0.0
31,1860,1920,Normal,0,No sustained airflow reduction with oxygen drop,30.030020703934202,31.0,0.0,0.0,0.0,0.0,65.0,31.0,16.333333333333332,0.13333333333333333,4.0,0.0,0.0
32,1920,1980,Normal,0,No sustained airflow reduction with oxygen drop,30.0,31.0,0.0,0.0,0.0,0.0,80.0,14.0,2.6666666666666665,0.09444444444444444,2.0,0.0,0.0
33,1980,2040,Normal,0,No sustained airflow reduction with oxygen drop,30.0,31.0,0.0,0.0,0.0,0.0,80.0,16.0,8.0,0.06666666666666667,4.0,0.03333333333333333,2.0
34,2040,2100,Normal,0,No sustained airflow reduction with oxygen drop,30.0,31.0,0.0,0.0,0.0,0.0,65.0,31.0,30.0,0.0,0.0,0.022222222222222223,1.3333333333333333
35,2100,2160,Normal,0,No sustained airflow reduction with oxygen drop,29.07395833333273,31.0,0.0,0.0,0.0,0.0,85.0,10.0,12.333333333333334,0.1,6.0,0.0,0.0
36,2160,2220,Normal,0,No sustained airflow reduction with oxygen drop,30.0,31.0,0.0,0.0,0.0,0.0,89.0,6.0,0.0,0.022222222222222223,1.3333333333333333,0.0,0.0
37,2220,2280,Normal,0,No sustained airflow reduction with oxygen drop,30.0,31.0,0.0,0.0,0.0,0.0,65.0,29.0,25.0,0.005555555555555556,0.3333333333333333,0.0,0.0
38,2280,2340,Normal,0,No sustained airflow reduction with oxygen drop,30.0,31.0,0.0,0.0,0.0,0.0,65.0,32.0,31.333333333333332,0.1,6.0,0.0,0.0
39,2340,2400,Normal,0,No sustained airflow reduction with oxygen drop,30.0,31.0,0.0,0.0,0.0,0.0,84.0,11.0,2.0,0.03333333333333333,2.0,0.0,0.0
40,2400,2460,Normal,0,No sustained airflow reduction with oxygen drop,30.081249999999574,31.0,0.0,0.0,0.0,0.0,90.0,4.0,0.0,0.0,0.0,0.0,0.0
41,2460,2520,Normal,0,No sustained airflow reduction with oxygen drop,29.182762201452825,31.0,0.0,0.0,0.0,0.0,69.0,26.0,16.333333333333332,0.13333333333333333,4.0,0.06111111111111111,2.0
42,2520,2580,Normal,0,No sustained airflow reduction with oxygen drop,30.0,31.0,0.0,0.0,0.0,0.0,87.0,8.0,6.333333333333333,0.23333333333333334,10.0,0.0,0.0
43,2580,2640,Normal,0,No sustained airflow reduction with oxygen drop,30.0,31.0,0.0,0.0,0.0,0.0,93.0,2.0,0.0,0.0,0.0,0.0,0.0
44,2640,2700,Normal,0,No sustained airflow reduction with oxygen drop,30.0,31.0,0.0,0.0,0.0,0.0,65.0,31.0,26.0,0.06666666666666667,4.0,0.0,0.0
45,2700,2760,Normal,0,No sustained airflow reduction with oxygen drop,30.289583333332907,31.0,0.0,0.0,0.0,0.0,65.0,32.0,22.666666666666668,0.03888888888888889,2.3333333333333335,0.0,0.0
46,2760,2820,Normal,0,No sustained airflow reduction with oxygen drop,30.296874999999645,31.0,0.0,0.0,0.0,0.0,92.0,4.0,0.0,0.0,0.0,0.0,0.0
47,2820,2880,Normal,0,No sustained airflow reduction with oxygen drop,30.0,31.0,0.0,0.0,0.0,0.0,65.0,34.0,6.333333333333333,0.0,0.0,0.0,0.0
48,2880,2940,Normal,0,No sustained airflow reduction with oxygen drop,31.0,31.0,0.0,0.0,0.0,0.0,92.0,3.0,0.0,0.0,0.0,0.0,0.0
49,2940,3000,Normal,0,No sustained airflow reduction with oxygen drop,30.0,31.0,0.0,0.0,0.0,0.0,65.0,34.0,8.0,0.0,0.0,0.0,0.0
50,3000,3060,Normal,0,No sustained airflow reduction with oxygen drop,31.0,31.0,0.0,0.0,0.0,0.0,91.0,8.0,0.0,0.0,0.0,0.0,0.0
51,3060,3120,Normal,0,No sustained airflow reduction with oxygen drop,30.0,31.0,0.0,0.0,0.0,0.0,81.0,16.0,6.333333333333333,0.0,0.0,0.022222222222222223,1.0
52,3120,3180,Normal,0,No sustained airflow reduction with oxygen drop,30.0,31.0,0.0,0.0,0.0,0.0,65.0,31.0,16.333333333333332,0.03333333333333333,2.0,0.0,0.0
53,3180,3240,Normal,0,No sustained airflow reduction with oxygen drop,30.0,31.0,0.0,0.0,0.0,0.0,83.0,16.0,6.0,0.06666666666666667,4.0,0.03333333333333333,0.6666666666666666
54,3240,3300,Normal,0,No sustained airflow reduction with oxygen drop,30.0,31.0,0.0,0.0,0.0,0.0,65.0,33.0,6.333333333333333,0.0,0.0,0.0,0.0
55,3300,3360,Normal,0,No sustained airflow reduction with oxygen drop,30.0,31.0,0.0,0.0,0.0,0.0,70.0,28.0,14.0,0.027777777777777776,1.6666666666666667,0.0,0.0
56,3360,3420,Normal,0,No sustained airflow reduction with oxygen drop,30.0,31.0,0.0,0.0,0.0,0.0,76.0,21.0,20.333333333333332,0.1,4.0,0.03333333333333333,2.0
57,3420,3480,Normal,0,No sustained airflow reduction with oxygen drop,30.0,31.0,0.0,0.0,0.0,0.0,74.0,23.0,14.0,0.16111111111111112,8.0,0.0,0.0
58,3480,3540,Normal,0,No sustained airflow reduction with oxygen drop,30.0,31.0,0.0,0.0,0.0,0.0,85.0,11.0,6.0,0.1,4.0,0.0,0.0
59,3540,3600,Normal,0,No sustained airflow reduction with oxygen drop,21.986500519216545,31.0,0.0,0.0,0.0,0.0,89.0,8.0,0.0,0.06666666666666667,4.0,0.0,0.0
60,3600,3660,OSA,1,Very low airflow + oxygen drop + obstruction signal,1.954166666665814,15.335416666667545,0.19444444444444445,0.05555555555555555,1.0,2.0,71.0,26.0,9.666666666666666,0.1,4.333333333333333,0.0,0.0
61,3660,3720,HSA,3,Reduced airflow + oxygen drop,8.646997929604037,14.627086202013937,0.08888888888888889,0.0,0.0,1.0,93.0,6.0,0.0,0.16111111111111112,6.0,0.03888888888888889,1.3333333333333333
62,3720,3780,Normal,0,No sustained airflow reduction with oxygen drop,5.45833333332984,14.800465838509872,0.11666666666666667,0.005555555555555556,0.3333333333333333,2.0,93.0,3.0,0.0,0.0,0.0,0.0,0.0
63,3780,3840,Normal,0,No sustained airflow reduction with oxygen drop,10.616822429906833,14.487263110072217,0.07222222222222222,0.0,0.0,1.3333333333333333,93.0,3.0,0.0,0.05555555555555555,1.6666666666666667,0.0,0.0
64,3840,3900,Normal,0,No sustained airflow reduction with oxygen drop,11.255208333335458,14.468481495859157,0.07777777777777778,0.0,0.0,1.0,93.0,3.0,0.0,0.06666666666666667,2.0,0.0,0.0
65,3900,3960,HSA,3,Reduced airflow + oxygen drop,10.0,14.462500000000528,0.08888888888888889,0.0,0.0,1.6666666666666667,90.0,6.0,0.0,0.0,0.0,0.0,0.0
66,3960,4020,HSA,3,Reduced airflow + oxygen drop,11.237499999999947,14.55295950155744,0.027777777777777776,0.0,0.0,0.6666666666666666,90.0,6.0,0.0,0.06666666666666667,4.0,0.0,0.0
67,4020,4080,HSA,3,Reduced airflow + oxygen drop,9.612836438923747,14.641904742428661,0.06666666666666667,0.0,0.0,1.0,85.0,12.0,12.333333333333334,0.1,6.0,0.0,0.0
68,4080,4140,Normal,0,No sustained airflow reduction with oxygen drop,11.02691511387146,14.659404205605995,0.03888888888888889,0.0,0.0,0.3333333333333333,93.0,3.0,0.0,0.027777777777777776,1.6666666666666667,0.0,0.0
69,4140,4200,CSA,2,Very low airflow + oxygen drop + low movement/snoring,4.899273104877033,14.858255451717064,0.12777777777777777,0.016666666666666666,1.0,1.6666666666666667,65.0,31.0,10.333333333333334,0.016666666666666666,1.0,0.0,0.0
70,4200,4260,Normal,0,No sustained airflow reduction with oxygen drop,6.021875000001572,14.659937888198801,0.05555555555555555,0.005555555555555556,0.3333333333333333,1.3333333333333333,93.0,3.0,0.0,0.027777777777777776,1.0,0.05,2.0
71,4260,4320,HSA,3,Reduced airflow + oxygen drop,11.37669376693293,14.570833333331361,0.016666666666666666,0.0,0.0,0.3333333333333333,65.0,30.0,14.333333333333334,0.05555555555555555,3.3333333333333335,0.0,0.0
72,4320,4380,HSA,3,Reduced airflow + oxygen drop,11.79166666667235,14.606434132996245,0.027777777777777776,0.0,0.0,0.6666666666666666,88.0,8.0,5.666666666666667,0.0,0.0,0.0,0.0
73,4380,4440,HSA,3,Reduced airflow + oxygen drop,10.537499999999147,14.633469202897452,0.027777777777777776,0.0,0.0,0.6666666666666666,77.0,22.0,6.333333333333333,0.06666666666666667,4.0,0.0,0.0
74,4440,4500,HSA,3,Reduced airflow + oxygen drop,11.0,14.531758091233566,0.03888888888888889,0.0,0.0,1.3333333333333333,65.0,31.0,10.333333333333334,0.0,0.0,0.0,0.0
75,4500,4560,HSA,3,Reduced airflow + oxygen drop,11.047916666665104,14.787072988443958,0.044444444444444446,0.0,0.0,0.6666666666666666,82.0,14.0,5.666666666666667,0.0,0.0,0.0,0.0
76,4560,4620,HSA,3,Reduced airflow + oxygen drop,9.258333333317985,14.634057971014922,0.03888888888888889,0.0,0.0,0.3333333333333333,65.0,31.0,4.0,0.03333333333333333,2.0,0.0,0.0
77,4620,4680,HSA,3,Reduced airflow + oxygen drop,12.0,14.800103842161636,0.005555555555555556,0.0,0.0,0.3333333333333333,65.0,30.0,5.666666666666667,0.0,0.0,0.03888888888888889,1.3333333333333333
78,4680,4740,HSA,3,Reduced airflow + oxygen drop,12.0,14.643182113187994,0.016666666666666666,0.0,0.0,0.3333333333333333,84.329192546583,11.670807453416998,4.0,0.14444444444444443,6.333333333333333,0.0,0.0
79,4740,4800,HSA,3,Reduced airflow + oxygen drop,11.253374870195156,14.98646723646739,0.027777777777777776,0.0,0.0,0.3333333333333333,65.0,32.0,8.333333333333334,0.0,0.0,0.0,0.0
80,4800,4860,HSA,3,Reduced airflow + oxygen drop,11.472481827622067,14.640406581995748,0.011111111111111112,0.0,0.0,0.3333333333333333,75.0,21.0,9.0,0.06666666666666667,4.0,0.0,0.0
81,4860,4920,HSA,3,Reduced airflow + oxygen drop,10.09791666666965,14.96206678348986,0.06111111111111111,0.0,0.0,2.0,72.0,26.0,6.0,0.06111111111111111,2.0,0.0,0.0
82,4920,4980,HSA,3,Reduced airflow + oxygen drop,11.029220779217875,14.76191704893035,0.011111111111111112,0.0,0.0,0.3333333333333333,72.0,27.0,5.0,0.0,0.0,0.05555555555555555,2.6666666666666665
83,4980,5040,HSA,3,Reduced airflow + oxygen drop,10.833333333324807,14.835891396297129,0.022222222222222223,0.0,0.0,0.6666666666666666,65.0,32.0,6.666666666666667,0.07222222222222222,4.333333333333333,0.0,0.0
84,5040,5100,HSA,3,Reduced airflow + oxygen drop,10.0,14.855072463769712,0.05,0.0,0.0,1.6666666666666667,88.0,6.0,1.3333333333333333,0.0,0.0,0.0,0.0
85,5100,5160,HSA,3,Reduced airflow + oxygen drop,11.0,14.972947494805243,0.044444444444444446,0.0,0.0,0.6666666666666666,89.0,6.0,0.0,0.0,0.0,0.0,0.0
86,5160,5220,HSA,3,Reduced airflow + oxygen drop,11.034267912779478,14.722598946898088,0.027777777777777776,0.0,0.0,0.3333333333333333,84.0,15.0,8.0,0.0,0.0,0.027777777777777776,1.6666666666666667
87,5220,5280,MSA,4,Very low airflow + oxygen drop + both movement and snoring activity,1.0,14.746376811593468,0.16666666666666666,0.1111111111111111,1.3333333333333333,1.6666666666666667,65.0,30.0,26.0,0.06111111111111111,2.0,0.044444444444444446,1.6666666666666667
88,5280,5340,OSA,1,Very low airflow + oxygen drop + obstruction signal,1.0,14.437514108990538,0.3277777777777778,0.21666666666666667,1.3333333333333333,1.6666666666666667,65.0,31.0,14.666666666666666,0.06666666666666667,4.0,0.0,0.0
89,5340,5400,OSA,1,Very low airflow + oxygen drop + obstruction signal,1.0,14.020833333331911,0.23333333333333334,0.10555555555555556,1.3333333333333333,1.6666666666666667,65.0,19.0,60.0,0.06666666666666667,4.0,0.0,0.0
90,5400,5460,MSA,4,Very low airflow + oxygen drop + both movement and snoring activity,1.0,14.0,0.1388888888888889,0.044444444444444446,2.0,2.3333333333333335,65.0,34.0,42.0,0.1,6.0,0.03888888888888889,1.0
91,5460,5520,MSA,4,Very low airflow + oxygen drop + both movement and snoring activity,1.0,15.0,0.21666666666666667,0.1,1.3333333333333333,1.6666666666666667,65.0,31.0,16.333333333333332,0.16666666666666666,4.0,0.027777777777777776,1.3333333333333333
92,5520,5580,CSA,2,Very low airflow + oxygen drop + low movement/snoring,4.114906832296084,14.739583333334043,0.16666666666666666,0.044444444444444446,1.0,2.0,65.0,29.0,2.0,0.0,0.0,0.0,0.0
93,5580,5640,OSA,1,Very low airflow + oxygen drop + obstruction signal,5.0062111801254865,14.445697040495196,0.16111111111111112,0.022222222222222223,1.0,2.3333333333333335,90.0,4.0,0.0,0.09444444444444444,4.0,0.0,0.0
94,5640,5700,OSA,1,Very low airflow + oxygen drop + obstruction signal,1.0,14.320341705606241,0.2111111111111111,0.10555555555555556,1.3333333333333333,1.6666666666666667,82.0,13.0,10.0,0.07222222222222222,4.333333333333333,0.011111111111111112,0.6666666666666666
95,5700,5760,MSA,4,Very low airflow + oxygen drop + both movement and snoring activity,1.0,14.0,0.18888888888888888,0.1,1.0,1.6666666666666667,94.0,5.0,0.0,0.2388888888888889,14.333333333333334,0.027777777777777776,1.0
96,5760,5820,CSA,2,Very low airflow + oxygen drop + low movement/snoring,1.0197916666706606,14.0,0.20555555555555555,0.12222222222222222,1.6666666666666667,1.6666666666666667,90.0,6.0,0.0,0.0,0.0,0.0,0.0
97,5820,5880,MSA,4,Very low airflow + oxygen drop + both movement and snoring activity,1.0,14.341145833327328,0.24444444444444444,0.1388888888888889,1.6666666666666667,2.0,68.0,31.0,18.333333333333332,0.027777777777777776,1.6666666666666667,0.05,3.0
98,5880,5940,OSA,1,Very low airflow + oxygen drop + obstruction signal,2.3333333333465966,15.0,0.2722222222222222,0.15555555555555556,1.3333333333333333,1.3333333333333333,65.0,34.0,16.333333333333332,0.03888888888888889,2.3333333333333335,0.0,0.0
99,5940,6000,OSA,1,Very low airflow + oxygen drop + obstruction signal,2.3124999999957367,15.0,0.25,0.1388888888888889,2.0,2.0,65.0,32.0,16.333333333333332,0.027777777777777776,1.6666666666666667,0.0,0.0
100,6000,6060,OSA,1,Very low airflow + oxygen drop + obstruction signal,2.022916666665672,14.17781671858719,0.2222222222222222,0.12777777777777777,1.3333333333333333,1.6666666666666667,82.0,15.0,12.0,0.03333333333333333,2.0,0.0,0.0
101,6060,6120,OSA,1,Very low airflow + oxygen drop + obstruction signal,1.072463768110907,14.151636904762862,0.2777777777777778,0.12777777777777777,1.3333333333333333,1.6666666666666667,89.0,8.0,0.0,0.027777777777777776,1.6666666666666667,0.0,0.0
102,6120,6180,MSA,4,Very low airflow + oxygen drop + both movement and snoring activity,5.0,14.219384410696211,0.15,0.044444444444444446,1.0,1.6666666666666667,65.0,32.0,10.333333333333334,0.03333333333333333,2.0,0.05555555555555555,1.6666666666666667
103,6180,6240,OSA,1,Very low airflow + oxygen drop + obstruction signal,2.865625000000924,14.0,0.17222222222222222,0.06666666666666667,1.0,1.6666666666666667,81.0,15.0,6.0,0.1388888888888889,4.333333333333333,0.0,0.0
104,6240,6300,CSA,2,Very low airflow + oxygen drop + low movement/snoring,7.21079958462903,14.796354166669047,0.12222222222222222,0.005555555555555556,0.3333333333333333,1.0,65.0,32.0,14.0,0.0,0.0,0.0,0.0
105,6300,6360,Normal,0,No sustained airflow reduction with oxygen drop,7.691588785046147,15.01973325545149,0.15,0.011111111111111112,0.6666666666666666,1.3333333333333333,96.0,1.0,0.0,0.0,0.0,0.0,0.0
106,6360,6420,OSA,1,Very low airflow + oxygen drop + obstruction signal,8.0,15.336458333333972,0.25,0.016666666666666666,0.3333333333333333,1.3333333333333333,65.0,34.0,2.0,0.0,0.0,0.10555555555555556,2.0
107,6420,6480,CSA,2,Very low airflow + oxygen drop + low movement/snoring,6.1145833333337185,14.827600931675844,0.17222222222222222,0.03888888888888889,0.6666666666666666,1.3333333333333333,94.0,4.0,0.0,0.0,0.0,0.0,0.0
108,6480,6540,HSA,3,Reduced airflow + oxygen drop,11.0,14.32638453448475,0.06111111111111111,0.0,0.0,1.0,92.0,5.0,0.0,0.0,0.0,0.0,0.0
109,6540,6600,CSA,2,Very low airflow + oxygen drop + low movement/snoring,10.229813664595643,14.0,0.12222222222222222,0.0,0.0,1.0,92.65624999999787,4.343750000002132,0.0,0.0,0.0,0.0,0.0
110,6600,6660,OSA,1,Very low airflow + oxygen drop + obstruction signal,2.049844236736293,14.254166666667153,0.20555555555555555,0.06666666666666667,1.0,1.6666666666666667,65.0,31.0,15.333333333333334,0.0,0.0,0.027777777777777776,1.6666666666666667
111,6660,6720,MSA,4,Very low airflow + oxygen drop + both movement and snoring activity,1.0,14.9307291666669,0.32222222222222224,0.20555555555555555,1.3333333333333333,1.6666666666666667,65.0,34.0,25.0,0.1388888888888889,6.333333333333333,0.03333333333333333,1.0
112,6720,6780,MSA,4,Very low airflow + oxygen drop + both movement and snoring activity,1.0,15.561333333334717,0.2722222222222222,0.18333333333333332,1.3333333333333333,1.6666666666666667,65.0,30.857142857149825,12.333333333333334,0.05555555555555555,1.6666666666666667,0.044444444444444446,1.6666666666666667
113,6780,6840,OSA,1,Very low airflow + oxygen drop + obstruction signal,1.3041666666663825,14.924479166666318,0.3,0.13333333333333333,1.0,1.3333333333333333,65.0,34.0,22.0,0.044444444444444446,2.6666666666666665,0.0,0.0
114,6840,6900,OSA,1,Very low airflow + oxygen drop + obstruction signal,1.0,14.80843361800903,0.25555555555555554,0.13333333333333333,1.0,1.6666666666666667,65.0,32.0,26.0,0.0,0.0,0.06666666666666667,1.6666666666666667
115,6900,6960,CSA,2,Very low airflow + oxygen drop + low movement/snoring,3.0,14.66202445652221,0.25,0.07222222222222222,1.0,2.0,78.0,19.0,10.666666666666666,0.0,0.0,0.0,0.0
116,6960,7020,Normal,0,No sustained airflow reduction with oxygen drop,6.268749999998152,14.284895833333369,0.2611111111111111,0.016666666666666666,0.3333333333333333,1.6666666666666667,95.0,1.0,0.0,0.1,6.0,0.0,0.0
117,7020,7080,CSA,2,Very low airflow + oxygen drop + low movement/snoring,6.50051921079969,14.487256619936513,0.23333333333333334,0.03333333333333333,0.6666666666666666,1.6666666666666667,87.0,10.0,5.666666666666667,0.0,0.0,0.0,0.0
118,7080,7140,CSA,2,Very low airflow + oxygen drop + low movement/snoring,7.1375000000050095,14.33333333333523,0.20555555555555555,0.016666666666666666,0.6666666666666666,2.0,65.0,32.0,14.0,0.0,0.0,0.0,0.0
119,7140,7200,Normal,0,No sustained airflow reduction with oxygen drop,8.0,14.703530633436195,0.25,0.005555555555555556,0.3333333333333333,2.0,95.0,2.0,0.0,0.0,0.0,0.0,0.0
120,7200,7260,OSA,1,Very low airflow + oxygen drop + obstruction signal,4.398550724636822,14.319879011387252,0.19444444444444445,0.05555555555555555,1.0,1.6666666666666667,65.0,32.0,6.333333333333333,0.1,4.0,0.0,0.0
121,7260,7320,OSA,1,Very low airflow + oxygen drop + obstruction signal,6.520055325034892,14.0,0.17222222222222222,0.022222222222222223,0.6666666666666666,1.6666666666666667,65.0,32.0,2.0,0.0,0.0,0.044444444444444446,1.3333333333333333
122,7320,7380,CSA,2,Very low airflow + oxygen drop + low movement/snoring,2.1619937694694515,14.925233644858881,0.24444444444444444,0.08888888888888889,1.3333333333333333,1.3333333333333333,74.0,24.0,12.0,0.0,0.0,0.0,0.0
123,7380,7440,OSA,1,Very low airflow + oxygen drop + obstruction signal,1.0,14.54533149696139,0.15,0.05,1.6666666666666667,2.0,78.0,20.0,12.0,0.1,4.0,0.0,0.0
124,7440,7500,CSA,2,Very low airflow + oxygen drop + low movement/snoring,1.3944099378893215,14.877777777778347,0.18888888888888888,0.05555555555555555,1.6666666666666667,1.6666666666666667,65.0,33.0,12.0,0.0,0.0,0.0,0.0
125,7500,7560,CSA,2,Very low airflow + oxygen drop + low movement/snoring,6.928125000002344,15.0,0.21666666666666667,0.027777777777777776,1.0,2.0,80.0,18.0,4.0,0.0,0.0,0.0,0.0
126,7560,7620,OSA,1,Very low airflow + oxygen drop + obstruction signal,7.012422360248149,15.01090342679067,0.14444444444444443,0.03333333333333333,1.0,1.3333333333333333,65.0,34.0,16.333333333333332,0.0,0.0,0.044444444444444446,1.6666666666666667
127,7620,7680,OSA,1,Very low airflow + oxygen drop + obstruction signal,1.6719787516623124,14.43942107996027,0.15,0.05555555555555555,2.3333333333333335,2.3333333333333335,79.0,18.0,18.333333333333332,0.06666666666666667,4.0,0.0,0.0
128,7680,7740,CSA,2,Very low airflow + oxygen drop + low movement/snoring,4.0,15.31047496880499,0.18333333333333332,0.07777777777777778,1.0,1.6666666666666667,65.0,33.0,34.333333333333336,0.0,0.0,0.0,0.0
129,7740,7800,Normal,0,No sustained airflow reduction with oxygen drop,3.7281249999955235,15.0,0.2222222222222222,0.10555555555555556,1.6666666666666667,2.0,96.0,2.0,0.0,0.027777777777777776,1.6666666666666667,0.0,0.0
130,7800,7860,Normal,0,No sustained airflow reduction with oxygen drop,6.4898373983733135,15.0,0.21666666666666667,0.06666666666666667,1.3333333333333333,1.6666666666666667,96.0,2.0,0.0,0.0,0.0,0.0,0.0
131,7860,7920,OSA,1,Very low airflow + oxygen drop + obstruction signal,1.0,15.0,0.24444444444444444,0.08333333333333333,1.6666666666666667,1.6666666666666667,65.0,33.0,12.0,0.1,6.0,0.0,0.0
132,7920,7980,OSA,1,Very low airflow + oxygen drop + obstruction signal,4.823958333334257,14.72656249999844,0.19444444444444445,0.06666666666666667,1.3333333333333333,1.6666666666666667,65.0,33.0,3.0,0.12777777777777777,6.0,0.0,0.0
133,7980,8040,MSA,4,Very low airflow + oxygen drop + both movement and snoring activity,5.0,14.152083333333191,0.2388888888888889,0.06666666666666667,0.6666666666666666,1.3333333333333333,65.0,33.0,12.333333333333334,0.027777777777777776,1.6666666666666667,0.022222222222222223,1.3333333333333333
134,8040,8100,CSA,2,Very low airflow + oxygen drop + low movement/snoring,3.988577362418141,14.0,0.20555555555555555,0.05,1.3333333333333333,2.3333333333333335,65.0,33.0,14.333333333333334,0.0,0.0,0.0,0.0
135,8100,8160,CSA,2,Very low airflow + oxygen drop + low movement/snoring,1.0,14.019308943089234,0.18888888888888888,0.10555555555555556,1.3333333333333333,1.6666666666666667,65.0,33.0,4.666666666666667,0.0,0.0,0.016666666666666666,1.0
136,8160,8220,MSA,4,Very low airflow + oxygen drop + both movement and snoring activity,1.0,14.833659423045201,0.25555555555555554,0.16111111111111112,1.3333333333333333,2.0,65.0,33.0,8.333333333333334,0.17222222222222222,10.333333333333334,0.044444444444444446,1.3333333333333333
137,8220,8280,OSA,1,Very low airflow + oxygen drop + obstruction signal,1.8260416666879118,14.202604166665495,0.24444444444444444,0.07222222222222222,1.0,2.0,93.0,4.0,0.0,0.1388888888888889,4.333333333333333,0.0,0.0
138,8280,8340,Normal,0,No sustained airflow reduction with oxygen drop,8.0,14.2543445910982,0.17222222222222222,0.022222222222222223,0.6666666666666666,1.6666666666666667,94.0,3.0,0.0,0.0,0.0,0.0,0.0
139,8340,8400,CSA,2,Very low airflow + oxygen drop + low movement/snoring,5.362499999988915,14.11702200155316,0.13333333333333333,0.044444444444444446,1.0,1.6666666666666667,92.0,5.0,0.0,0.0,0.0,0.0,0.0
140,8400,8460,MSA,4,Very low airflow + oxygen drop + both movement and snoring activity,3.058151609554008,14.0905797101464,0.16666666666666666,0.05,1.0,1.6666666666666667,94.0,5.0,0.0,0.027777777777777776,1.6666666666666667,0.05,2.0
141,8460,8520,OSA,1,Very low airflow + oxygen drop + obstruction signal,1.0623052959628658,14.0,0.14444444444444443,0.05,1.3333333333333333,1.6666666666666667,93.0,5.0,0.0,0.06666666666666667,4.0,0.0,0.0
142,8520,8580,CSA,2,Very low airflow + oxygen drop + low movement/snoring,1.6323987538927571,14.996653279788777,0.16111111111111112,0.05555555555555555,1.3333333333333333,1.6666666666666667,65.0,32.0,32.666666666666664,0.0,0.0,0.0,0.0
143,8580,8640,CSA,2,Very low airflow + oxygen drop + low movement/snoring,4.0,14.422916666665103,0.2111111111111111,0.06666666666666667,1.3333333333333333,2.0,71.0,27.0,16.0,0.0,0.0,0.0,0.0
144,8640,8700,CSA,2,Very low airflow + oxygen drop + low movement/snoring,3.4343749999979396,15.0,0.26666666666666666,0.1,1.0,2.0,65.0,31.0,30.666666666666668,0.0,0.0,0.0,0.0
145,8700,8760,OSA,1,Very low airflow + oxygen drop + obstruction signal,1.0621118011874302,14.006389776359129,0.14444444444444443,0.06666666666666667,1.0,1.6666666666666667,65.0,32.0,12.333333333333334,0.027777777777777776,1.6666666666666667,0.0,0.0
146,8760,8820,CSA,2,Very low airflow + oxygen drop + low movement/snoring,7.0,14.941957096848409,0.20555555555555555,0.03333333333333333,0.6666666666666666,1.6666666666666667,65.0,32.0,12.333333333333334,0.0,0.0,0.0,0.0
147,8820,8880,CSA,2,Very low airflow + oxygen drop + low movement/snoring,6.016666666670077,14.04678089304078,0.14444444444444443,0.022222222222222223,1.3333333333333333,1.6666666666666667,90.0,5.0,0.0,0.0,0.0,0.0,0.0
148,8880,8940,CSA,2,Very low airflow + oxygen drop + low movement/snoring,4.049844236770293,14.0,0.1388888888888889,0.022222222222222223,1.3333333333333333,1.3333333333333333,90.0,5.0,0.0,0.0,0.0,0.0,0.0
149,8940,9000,OSA,1,Very low airflow + oxygen drop + obstruction signal,2.753623188406534,14.041017653167053,0.1388888888888889,0.05,1.3333333333333333,2.0,65.0,30.0,6.333333333333333,0.0,0.0,0.05555555555555555,1.6666666666666667
150,9000,9060,HSA,3,Reduced airflow + oxygen drop,11.0,14.0,0.09444444444444444,0.0,0.0,1.3333333333333333,78.0,17.0,18.666666666666668,0.0,0.0,0.0,0.0
151,9060,9120,CSA,2,Very low airflow + oxygen drop + low movement/snoring,5.0,14.0,0.1111111111111111,0.03333333333333333,1.0,1.6666666666666667,65.0,30.0,13.0,0.0,0.0,0.0,0.0
152,9120,9180,OSA,1,Very low airflow + oxygen drop + obstruction signal,1.0,14.0,0.18888888888888888,0.08888888888888889,1.6666666666666667,1.6666666666666667,65.0,31.0,13.333333333333334,0.08333333333333333,3.3333333333333335,0.0,0.0
153,9180,9240,MSA,4,Very low airflow + oxygen drop + both movement and snoring activity,1.0,15.35053543613491,0.2722222222222222,0.19444444444444445,1.3333333333333333,1.6666666666666667,65.0,31.0,20.666666666666668,0.044444444444444446,2.0,0.022222222222222223,0.6666666666666666
154,9240,9300,CSA,2,Very low airflow + oxygen drop + low movement/snoring,2.4037267080775515,15.0,0.21666666666666667,0.06666666666666667,1.0,1.6666666666666667,91.0,5.0,0.0,0.0,0.0,0.0,0.0
155,9300,9360,HSA,3,Reduced airflow + oxygen drop,8.43302180685692,14.851969649033627,0.08333333333333333,0.0,0.0,2.0,91.0,5.0,0.0,0.027777777777777776,1.6666666666666667,0.0,0.0
156,9360,9420,CSA,2,Very low airflow + oxygen drop + low movement/snoring,2.936376210237261,14.512277435858174,0.19444444444444445,0.08333333333333333,1.3333333333333333,1.6666666666666667,69.0,29.0,10.0,0.0,0.0,0.0,0.0
157,9420,9480,CSA,2,Very low airflow + oxygen drop + low movement/snoring,1.0,14.882712215322469,0.14444444444444443,0.06111111111111111,1.0,1.6666666666666667,71.0,27.0,3.6666666666666665,0.0,0.0,0.0,0.0
158,9480,9540,CSA,2,Very low airflow + oxygen drop + low movement/snoring,8.0,15.0,0.10555555555555556,0.005555555555555556,0.3333333333333333,1.3333333333333333,85.0,12.0,10.0,0.0,0.0,0.0,0.0
159,9540,9600,HSA,3,Reduced airflow + oxygen drop,7.41536863966744,14.99016563146798,0.044444444444444446,0.011111111111111112,0.6666666666666666,2.0,94.0,5.0,0.0,0.0,0.0,0.0,0.0
160,9600,9660,Normal,0,No sustained airflow reduction with oxygen drop,8.1428571428636,15.0,0.06666666666666667,0.0,0.0,1.3333333333333333,96.0,3.0,0.0,0.06666666666666667,4.0,0.03333333333333333,2.0
161,9660,9720,Normal,0,No sustained airflow reduction with oxygen drop,10.322916666664534,14.718068535830366,0.027777777777777776,0.0,0.0,0.3333333333333333,96.0,1.0,0.0,0.03333333333333333,2.0,0.0,0.0
162,9720,9780,Normal,0,No sustained airflow reduction with oxygen drop,10.397515527952065,14.986458333330562,0.07777777777777778,0.0,0.0,1.0,96.0,1.0,0.0,0.0,0.0,0.0,0.0
163,9780,9840,Normal,0,No sustained airflow reduction with oxygen drop,9.863354037278835,14.794812619899545,0.06666666666666667,0.0,0.0,0.6666666666666666,96.0,3.0,0.0,0.0,0.0,0.06111111111111111,2.6666666666666665
164,9840,9900,Normal,0,No sustained airflow reduction with oxygen drop,11.073170731700149,15.0,0.027777777777777776,0.0,0.0,0.3333333333333333,96.0,0.0,0.0,0.0,0.0,0.0,0.0
165,9900,9960,Normal,0,No sustained airflow reduction with oxygen drop,8.0,15.0,0.044444444444444446,0.005555555555555556,0.3333333333333333,0.6666666666666666,96.0,1.0,0.0,0.16666666666666666,6.0,0.0,0.0
166,9960,10020,Normal,0,No sustained airflow reduction with oxygen drop,11.287784679091063,14.911197120289703,0.027777777777777776,0.0,0.0,0.3333333333333333,96.0,0.0,0.0,0.07222222222222222,4.333333333333333,0.0,0.0
167,10020,10080,Normal,0,No sustained airflow reduction with oxygen drop,11.235416666657999,14.867187499998778,0.016666666666666666,0.0,0.0,0.3333333333333333,96.0,0.0,0.0,0.0,0.0,0.0,0.0
168,10080,10140,HSA,3,Reduced airflow + oxygen drop,9.640706126701176,14.984374999999645,0.044444444444444446,0.0,0.0,0.6666666666666666,90.0,6.0,0.0,0.0,0.0,0.0,0.0
169,10140,10200,Normal,0,No sustained airflow reduction with oxygen drop,11.0,14.943303803216224,0.03888888888888889,0.0,0.0,0.3333333333333333,95.0,2.0,0.0,0.027777777777777776,1.6666666666666667,0.0,0.0
170,10200,10260,Normal,0,No sustained airflow reduction with oxygen drop,10.4208333333285,14.812297332592873,0.022222222222222223,0.0,0.0,0.6666666666666666,95.0,2.0,0.0,0.06666666666666667,4.0,0.0,0.0
171,10260,10320,HSA,3,Reduced airflow + oxygen drop,11.136645962738113,15.0,0.022222222222222223,0.0,0.0,0.3333333333333333,65.0,32.0,2.0,0.13333333333333333,4.0,0.05,2.0
172,10320,10380,Normal,0,No sustained airflow reduction with oxygen drop,8.765624999997513,14.762871560233915,0.022222222222222223,0.0,0.0,0.6666666666666666,95.0,2.0,0.0,0.0,0.0,0.0,0.0
173,10380,10440,Normal,0,No sustained airflow reduction with oxygen drop,11.102083333331485,14.979606188466715,0.027777777777777776,0.0,0.0,0.3333333333333333,94.0,2.0,0.0,0.13333333333333333,4.0,0.0,0.0
174,10440,10500,Normal,0,No sustained airflow reduction with oxygen drop,12.020703933751623,14.84836309523833,0.0,0.0,0.0,0.0,95.0,1.0,0.0,0.03333333333333333,2.0,0.0,0.0
175,10500,10560,Normal,0,No sustained airflow reduction with oxygen drop,11.005192107996905,15.0,0.03333333333333333,0.0,0.0,0.3333333333333333,94.0,3.0,0.0,0.0,0.0,0.0,0.0
176,10560,10620,Normal,0,No sustained airflow reduction with oxygen drop,11.034374999989982,14.949553571429615,0.03333333333333333,0.0,0.0,1.0,95.0,2.0,0.0,0.08333333333333333,4.0,0.0,0.0
177,10620,10680,Normal,0,No sustained airflow reduction with oxygen drop,11.211838006222745,14.857660455483018,0.027777777777777776,0.0,0.0,0.3333333333333333,95.0,1.0,0.0,0.10555555555555556,4.0,0.0,0.0
178,10680,10740,Normal,0,No sustained airflow reduction with oxygen drop,11.250000000004263,14.896157840082111,0.016666666666666666,0.0,0.0,0.3333333333333333,95.0,1.0,0.0,0.027777777777777776,1.6666666666666667,0.0,0.0
179,10740,10800,Normal,0,No sustained airflow reduction with oxygen drop,9.015527950313716,14.927332337315008,0.027777777777777776,0.0,0.0,0.3333333333333333,93.0,3.0,0.0,0.0,0.0,0.0,0.0
180,10800,10860,Normal,0,No sustained airflow reduction with oxygen drop,10.036458333346479,14.742379533423097,0.05,0.0,0.0,1.0,95.0,1.0,0.0,0.0,0.0,0.0,0.0
181,10860,10920,HSA,3,Reduced airflow + oxygen drop,11.015576323973717,14.973437500000248,0.011111111111111112,0.0,0.0,0.3333333333333333,78.0,18.0,8.333333333333334,0.06666666666666667,4.0,0.0,0.0
182,10920,10980,Normal,0,No sustained airflow reduction with oxygen drop,10.036697247713771,14.605923266045608,0.027777777777777776,0.0,0.0,0.3333333333333333,95.0,1.0,0.0,0.06666666666666667,4.0,0.0,0.0
183,10980,11040,Normal,0,No sustained airflow reduction with oxygen drop,9.012461059192573,14.892862474034603,0.03333333333333333,0.0,0.0,0.6666666666666666,95.0,1.0,0.0,0.03333333333333333,2.0,0.0,0.0
184,11040,11100,Normal,0,No sustained airflow reduction with oxygen drop,10.0,14.742397270435939,0.03333333333333333,0.0,0.0,1.0,95.0,1.0,0.0,0.027777777777777776,1.6666666666666667,0.0,0.0
185,11100,11160,Normal,0,No sustained airflow reduction with oxygen drop,10.329166666665815,14.769839657383756,0.022222222222222223,0.0,0.0,0.6666666666666666,94.0,2.0,0.0,0.0,0.0,0.0,0.0
186,11160,11220,Normal,0,No sustained airflow reduction with oxygen drop,1.0,14.71354166666861,0.1388888888888889,0.022222222222222223,0.6666666666666666,2.3333333333333335,95.0,2.0,0.0,0.027777777777777776,1.6666666666666667,0.0,0.0
187,11220,11280,OSA,1,Very low airflow + oxygen drop + obstruction signal,1.630434782618274,14.652458592132446,0.16666666666666666,0.05555555555555555,1.3333333333333333,2.0,74.0,23.0,6.0,0.06666666666666667,4.0,0.0,0.0
188,11280,11340,OSA,1,Very low airflow + oxygen drop + obstruction signal,6.628048780483578,14.3522951068012,0.1,0.022222222222222223,0.6666666666666666,1.3333333333333333,65.0,33.0,6.0,0.1,6.0,0.0,0.0
189,11340,11400,Normal,0,No sustained airflow reduction with oxygen drop,7.726895119447771,14.407443405510206,0.1111111111111111,0.005555555555555556,0.3333333333333333,1.0,95.0,1.0,0.0,0.0,0.0,0.0,0.0
190,11400,11460,CSA,2,Very low airflow + oxygen drop + low movement/snoring,1.9375000000159872,14.38413237578008,0.12222222222222222,0.044444444444444446,1.0,1.6666666666666667,75.0,22.0,4.333333333333333,0.0,0.0,0.0,0.0
191,11460,11520,CSA,2,Very low airflow + oxygen drop + low movement/snoring,4.861458333333404,15.0,0.11666666666666667,0.027777777777777776,1.3333333333333333,1.3333333333333333,72.0,27.0,9.666666666666666,0.0,0.0,0.0,0.0
192,11520,11580,Normal,0,No sustained airflow reduction with oxygen drop,6.904761904764595,14.929166666663896,0.10555555555555556,0.005555555555555556,0.3333333333333333,1.6666666666666667,96.0,1.0,0.0,0.0,0.0,0.0,0.0
193,11580,11640,Normal,0,No sustained airflow reduction with oxygen drop,8.270186335402183,15.0,0.022222222222222223,0.0,0.0,1.3333333333333333,94.0,3.0,0.0,0.0,0.0,0.0,0.0
194,11640,11700,Normal,0,No sustained airflow reduction with oxygen drop,12.382139148492913,15.0,0.0,0.0,0.0,0.0,95.0,2.0,0.0,0.0,0.0,0.0,0.0
195,11700,11760,Normal,0,No sustained airflow reduction with oxygen drop,1.0,15.128267339545157,0.06111111111111111,0.022222222222222223,1.3333333333333333,1.6666666666666667,94.0,2.0,0.0,0.06666666666666667,4.0,0.0,0.0
196,11760,11820,OSA,1,Very low airflow + oxygen drop + obstruction signal,3.115624999989555,14.909657320870844,0.06111111111111111,0.016666666666666666,1.0,1.3333333333333333,92.0,5.0,0.0,0.027777777777777776,1.6666666666666667,0.0,0.0
197,11820,11880,CSA,2,Very low airflow + oxygen drop + low movement/snoring,1.0,15.0,0.044444444444444446,0.022222222222222223,1.3333333333333333,1.6666666666666667,92.0,5.0,0.0,0.0,0.0,0.0,0.0
198,11880,11940,HSA,3,Reduced airflow + oxygen drop,9.600414078678423,15.0,0.03888888888888889,0.0,0.0,0.6666666666666666,92.0,4.0,0.0,0.10555555555555556,4.333333333333333,0.0,0.0
199,11940,12000,HSA,3,Reduced airflow + oxygen drop,11.0,15.0,0.03888888888888889,0.0,0.0,1.3333333333333333,92.0,4.0,0.0,0.0,0.0,0.0,0.0
200,12000,12060,OSA,1,Very low airflow + oxygen drop + obstruction signal,1.0,14.857625092495802,0.1111111111111111,0.044444444444444446,1.3333333333333333,1.3333333333333333,82.0,16.0,10.333333333333334,0.03888888888888889,2.3333333333333335,0.0,0.0
201,12060,12120,HSA,3,Reduced airflow + oxygen drop,10.0,15.0,0.05555555555555555,0.0,0.0,1.0,89.0,8.0,0.0,0.06111111111111111,3.6666666666666665,0.0,0.0
202,12120,12180,CSA,2,Very low airflow + oxygen drop + low movement/snoring,2.4132917964743448,15.0,0.07222222222222222,0.016666666666666666,1.0,2.0,65.0,33.0,4.333333333333333,0.0,0.0,0.0,0.0
203,12180,12240,HSA,3,Reduced airflow + oxygen drop,11.0,15.0,0.044444444444444446,0.0,0.0,1.0,65.0,32.0,43.0,0.0,0.0,0.0,0.0
204,12240,12300,OSA,1,Very low airflow + oxygen drop + obstruction signal,1.0,15.0,0.11666666666666667,0.03888888888888889,1.3333333333333333,1.3333333333333333,65.0,33.0,6.333333333333333,0.06666666666666667,4.0,0.0,0.0
205,12300,12360,HSA,3,Reduced airflow + oxygen drop,10.46979166666617,15.0,0.05,0.0,0.0,1.0,92.0,5.0,0.0,0.0,0.0,0.0,0.0
206,12360,12420,CSA,2,Very low airflow + oxygen drop + low movement/snoring,1.0,15.0,0.07222222222222222,0.03888888888888889,1.0,1.3333333333333333,81.0,15.0,9.333333333333334,0.0,0.0,0.0,0.0
207,12420,12480,OSA,1,Very low airflow + oxygen drop + obstruction signal,8.109374999988276,15.0,0.15,0.0,0.0,1.6666666666666667,85.0,12.0,11.0,0.07222222222222222,4.333333333333333,0.0,0.0
208,12480,12540,OSA,1,Very low airflow + oxygen drop + obstruction signal,1.0,14.90861889927713,0.16111111111111112,0.09444444444444444,1.3333333333333333,1.6666666666666667,65.0,31.0,10.333333333333334,0.13333333333333333,8.0,0.0,0.0
209,12540,12600,OSA,1,Very low airflow + oxygen drop + obstruction signal,2.6120689655165656,14.468326216355312,0.07777777777777778,0.027777777777777776,1.0,1.6666666666666667,65.0,31.0,45.666666666666664,0.1,6.0,0.0,0.0
210,12600,12660,HSA,3,Reduced airflow + oxygen drop,11.526479750784217,14.42277712875985,0.005555555555555556,0.0,0.0,0.3333333333333333,65.0,34.0,39.333333333333336,0.0,0.0,0.027777777777777776,1.0
211,12660,12720,HSA,3,Reduced airflow + oxygen drop,11.466666666659846,14.140621765010707,0.022222222222222223,0.0,0.0,1.0,65.0,0.0,60.0,0.0,0.0,0.0,0.0
212,12720,12780,OSA,1,Very low airflow + oxygen drop + obstruction signal,1.6499999999965893,14.101400246625978,0.1388888888888889,0.06666666666666667,1.0,1.3333333333333333,65.0,34.0,26.333333333333332,0.0,0.0,0.05555555555555555,3.0
213,12780,12840,CSA,2,Very low airflow + oxygen drop + low movement/snoring,5.023958333332552,15.0,0.08888888888888889,0.022222222222222223,1.3333333333333333,1.3333333333333333,88.0,11.0,5.666666666666667,0.0,0.0,0.0,0.0
214,12840,12900,HSA,3,Reduced airflow + oxygen drop,9.95445134574643,15.0,0.06111111111111111,0.0,0.0,1.0,65.0,33.0,3.3333333333333335,0.11666666666666667,3.3333333333333335,0.0,0.0
215,12900,12960,HSA,3,Reduced airflow + oxygen drop,8.07867494823357,15.0,0.03888888888888889,0.0,0.0,1.3333333333333333,65.0,34.0,2.6666666666666665,0.044444444444444446,2.6666666666666665,0.06666666666666667,4.0
216,12960,13020,HSA,3,Reduced airflow + oxygen drop,8.882658359292602,15.0,0.05,0.0,0.0,1.3333333333333333,90.0,9.0,0.0,0.07222222222222222,4.333333333333333,0.0,0.0
217,13020,13080,HSA,3,Reduced airflow + oxygen drop,10.084375000000213,15.0,0.027777777777777776,0.0,0.0,1.3333333333333333,85.0,14.0,2.0,0.03333333333333333,2.0,0.0,0.0
218,13080,13140,HSA,3,Reduced airflow + oxygen drop,9.017653167183813,15.0,0.022222222222222223,0.0,0.0,1.0,80.0,19.0,10.0,0.0,0.0,0.0,0.0
219,13140,13200,HSA,3,Reduced airflow + oxygen drop,11.0,15.0,0.022222222222222223,0.0,0.0,0.6666666666666666,77.0,21.0,16.333333333333332,0.0,0.0,0.0,0.0
220,13200,13260,HSA,3,Reduced airflow + oxygen drop,9.436137071649396,15.0,0.022222222222222223,0.0,0.0,1.3333333333333333,93.0,6.0,0.0,0.0,0.0,0.0,0.0
221,13260,13320,HSA,3,Reduced airflow + oxygen drop,10.0,15.0,0.027777777777777776,0.0,0.0,1.0,92.0,7.0,0.0,0.03888888888888889,2.3333333333333335,0.03888888888888889,1.0
222,13320,13380,HSA,3,Reduced airflow + oxygen drop,11.680166147458621,15.0,0.011111111111111112,0.0,0.0,0.6666666666666666,94.0,4.0,0.0,0.0,0.0,0.0,0.0
223,13380,13440,HSA,3,Reduced airflow + oxygen drop,13.25051759834944,15.0,0.0,0.0,0.0,0.0,85.0,13.0,4.333333333333333,0.0,0.0,0.0,0.0
224,13440,13500,HSA,3,Reduced airflow + oxygen drop,11.0,15.0,0.011111111111111112,0.0,0.0,0.6666666666666666,77.0,21.0,22.666666666666668,0.06666666666666667,4.0,0.0,0.0
225,13500,13560,HSA,3,Reduced airflow + oxygen drop,12.030944625407567,15.152718153758745,0.0,0.0,0.0,0.0,84.0,15.0,6.333333333333333,0.0,0.0,0.0,0.0
226,13560,13620,HSA,3,Reduced airflow + oxygen drop,13.01863354037646,15.0,0.0,0.0,0.0,0.0,65.0,34.0,2.3333333333333335,0.0,0.0,0.044444444444444446,1.3333333333333333
227,13620,13680,HSA,3,Reduced airflow + oxygen drop,11.045690550350102,15.0,0.016666666666666666,0.0,0.0,0.6666666666666666,94.0,5.0,0.0,0.0,0.0,0.0,0.0
228,13680,13740,HSA,3,Reduced airflow + oxygen drop,11.0,15.0,0.022222222222222223,0.0,0.0,1.0,93.0,6.0,0.0,0.03333333333333333,2.0,0.06111111111111111,3.0
229,13740,13800,HSA,3,Reduced airflow + oxygen drop,11.0,15.286532969884728,0.016666666666666666,0.0,0.0,0.6666666666666666,93.0,6.0,0.0,0.0,0.0,0.044444444444444446,1.3333333333333333
230,13800,13860,HSA,3,Reduced airflow + oxygen drop,9.0,15.0,0.022222222222222223,0.0,0.0,1.0,92.0,7.0,0.0,0.0,0.0,0.03333333333333333,1.0
231,13860,13920,HSA,3,Reduced airflow + oxygen drop,10.028985507246622,15.0,0.03333333333333333,0.0,0.0,1.0,88.0,11.0,15.0,0.0,0.0,0.0,0.0
232,13920,13980,HSA,3,Reduced airflow + oxygen drop,11.0,15.0,0.011111111111111112,0.0,0.0,0.6666666666666666,88.0,10.0,3.0,0.027777777777777776,1.6666666666666667,0.0,0.0
233,13980,14040,HSA,3,Reduced airflow + oxygen drop,12.0,15.12745172764032,0.005555555555555556,0.0,0.0,0.3333333333333333,92.0,6.0,0.0,0.0,0.0,0.0,0.0
234,14040,14100,HSA,3,Reduced airflow + oxygen drop,14.0,15.0,0.0,0.0,0.0,0.0,90.0,9.0,0.0,0.0,0.0,0.0,0.0
235,14100,14160,HSA,3,Reduced airflow + oxygen drop,14.0,15.0,0.0,0.0,0.0,0.0,90.0,8.0,0.0,0.0,0.0,0.0,0.0
236,14160,14220,HSA,3,Reduced airflow + oxygen drop,13.0,15.092559060230347,0.0,0.0,0.0,0.0,88.0,10.0,1.3333333333333333,0.07222222222222222,4.333333333333333,0.05,2.3333333333333335
237,14220,14280,HSA,3,Reduced airflow + oxygen drop,14.0,15.047838785045151,0.0,0.0,0.0,0.0,65.0,32.0,8.0,0.0,0.0,0.06111111111111111,2.6666666666666665
238,14280,14340,MSA,4,Very low airflow + oxygen drop + both movement and snoring activity,2.454828660426922,15.0,0.08888888888888889,0.05,1.3333333333333333,1.3333333333333333,65.0,30.0,12.333333333333334,0.1,6.0,0.06666666666666667,1.3333333333333333
239,14340,14400,CSA,2,Very low airflow + oxygen drop + low movement/snoring,1.3333333333333333,14.386532164518943,0.23333333333333334,0.12777777777777777,1.3333333333333333,1.6666666666666667,69.0,30.0,6.333333333333333,0.0,0.0,0.0,0.0
240,14400,14460,OSA,1,Very low airflow + oxygen drop + obstruction signal,1.0315581854107927,14.072793354102117,0.17777777777777778,0.08333333333333333,1.3333333333333333,2.0,92.0,7.0,0.0,0.13333333333333333,6.333333333333333,0.0,0.0
241,14460,14520,Normal,0,No sustained airflow reduction with oxygen drop,1.0,14.267270249219033,0.18333333333333332,0.1111111111111111,1.3333333333333333,1.6666666666666667,96.0,2.0,0.0,0.06666666666666667,4.0,0.0,0.0
242,14520,14580,MSA,4,Very low airflow + oxygen drop + both movement and snoring activity,1.0,14.283643892340738,0.16666666666666666,0.10555555555555556,1.3333333333333333,2.0,83.0,16.0,4.666666666666667,0.027777777777777776,1.6666666666666667,0.05,1.3333333333333333
243,14580,14640,OSA,1,Very low airflow + oxygen drop + obstruction signal,3.237500000003126,14.802391614753457,0.24444444444444444,0.12777777777777777,1.3333333333333333,2.0,83.0,15.0,1.3333333333333333,0.0,0.0,0.05555555555555555,2.0
244,14640,14700,OSA,1,Very low airflow + oxygen drop + obstruction signal,1.0,14.83023097824045,0.21666666666666667,0.07777777777777778,1.0,1.6666666666666667,65.0,32.0,8.333333333333334,0.06666666666666667,2.0,0.0,0.0
245,14700,14760,OSA,1,Very low airflow + oxygen drop + obstruction signal,1.0,15.0,0.12777777777777777,0.07222222222222222,1.6666666666666667,1.6666666666666667,80.0,17.0,2.0,0.044444444444444446,2.6666666666666665,0.0,0.0
246,14760,14820,CSA,2,Very low airflow + oxygen drop + low movement/snoring,1.0,15.0,0.15555555555555556,0.08888888888888889,1.6666666666666667,2.0,88.0,8.0,3.3333333333333335,0.0,0.0,0.0,0.0
247,14820,14880,CSA,2,Very low airflow + oxygen drop + low movement/snoring,1.9749999999948842,15.0,0.13333333333333333,0.05555555555555555,1.0,1.6666666666666667,94.0,4.0,0.0,0.0,0.0,0.0,0.0
248,14880,14940,OSA,1,Very low airflow + oxygen drop + obstruction signal,6.508333333346408,15.0,0.12222222222222222,0.016666666666666666,0.6666666666666666,1.3333333333333333,65.0,32.0,12.666666666666666,0.1,6.0,0.0,0.0
249,14940,15000,OSA,1,Very low airflow + oxygen drop + obstruction signal,1.0,15.0,0.15555555555555556,0.07222222222222222,2.0,2.0,82.0,15.0,6.0,0.027777777777777776,1.6666666666666667,0.0,0.0
250,15000,15060,Normal,0,No sustained airflow reduction with oxygen drop,2.007291666668159,15.0,0.1,0.03333333333333333,0.6666666666666666,1.3333333333333333,94.0,3.0,0.0,0.06666666666666667,4.0,0.0,0.0
251,15060,15120,CSA,2,Very low airflow + oxygen drop + low movement/snoring,7.225000000000568,15.0,0.1,0.016666666666666666,0.3333333333333333,1.6666666666666667,93.0,4.0,0.0,0.0,0.0,0.0,0.0
252,15120,15180,Normal,0,No sustained airflow reduction with oxygen drop,7.556593977154937,15.0,0.05555555555555555,0.005555555555555556,0.3333333333333333,1.0,94.0,3.0,0.0,0.09444444444444444,4.0,0.0,0.0
253,15180,15240,OSA,1,Very low airflow + oxygen drop + obstruction signal,1.0,15.0,0.1111111111111111,0.07777777777777778,2.0,2.0,86.0,13.0,6.0,0.2111111111111111,6.0,0.0,0.0
254,15240,15300,CSA,2,Very low airflow + oxygen drop + low movement/snoring,10.232415902142714,14.944737495935657,0.16666666666666666,0.0,0.0,1.3333333333333333,92.0,7.0,0.0,0.0,0.0,0.0,0.0
255,15300,15360,CSA,2,Very low airflow + oxygen drop + low movement/snoring,8.619047619049233,14.99322916666528,0.12777777777777777,0.0,0.0,1.3333333333333333,93.0,4.0,0.0,0.0,0.0,0.0,0.0
256,15360,15420,HSA,3,Reduced airflow + oxygen drop,10.020703933751623,14.62716608255496,0.09444444444444444,0.0,0.0,1.3333333333333333,92.0,7.0,0.0,0.0,0.0,0.06111111111111111,2.0
257,15420,15480,HSA,3,Reduced airflow + oxygen drop,11.137071651089972,14.948033411526783,0.05555555555555555,0.0,0.0,1.3333333333333333,92.0,4.0,0.0,0.0,0.0,0.0,0.0
258,15480,15540,HSA,3,Reduced airflow + oxygen drop,9.778816199365826,14.746852284529712,0.07777777777777778,0.0,0.0,0.6666666666666666,90.0,6.0,0.0,0.0,0.0,0.0,0.0
259,15540,15600,HSA,3,Reduced airflow + oxygen drop,6.599999999986357,14.875,0.05555555555555555,0.005555555555555556,0.3333333333333333,1.0,89.0,7.0,0.0,0.0,0.0,0.0,0.0
260,15600,15660,HSA,3,Reduced airflow + oxygen drop,11.0,14.632812500005459,0.07222222222222222,0.0,0.0,1.3333333333333333,89.0,8.0,0.0,0.0,0.0,0.0,0.0
261,15660,15720,HSA,3,Reduced airflow + oxygen drop,11.23291925466056,14.760351966872987,0.05,0.0,0.0,0.6666666666666666,65.0,32.0,2.3333333333333335,0.0,0.0,0.05,2.6666666666666665
262,15720,15780,HSA,3,Reduced airflow + oxygen drop,11.203530633433363,14.748353128245368,0.05,0.0,0.0,1.0,89.0,10.0,0.0,0.03333333333333333,2.0,0.05555555555555555,2.6666666666666665
263,15780,15840,HSA,3,Reduced airflow + oxygen drop,11.0,14.723784722222543,0.06111111111111111,0.0,0.0,1.6666666666666667,90.0,7.0,0.0,0.027777777777777776,1.6666666666666667,0.0,0.0
264,15840,15900,HSA,3,Reduced airflow + oxygen drop,11.0,15.0,0.07777777777777778,0.0,0.0,1.3333333333333333,88.0,11.0,6.0,0.0,0.0,0.044444444444444446,1.6666666666666667
265,15900,15960,HSA,3,Reduced airflow + oxygen drop,10.722741433033246,14.806250000000794,0.05555555555555555,0.0,0.0,1.0,90.0,9.0,0.0,0.0,0.0,0.05,2.3333333333333335
266,15960,16020,HSA,3,Reduced airflow + oxygen drop,11.029075804771338,14.8436953608273,0.016666666666666666,0.0,0.0,0.6666666666666666,92.0,7.0,0.0,0.0,0.0,0.0,0.0
267,16020,16080,HSA,3,Reduced airflow + oxygen drop,13.039755351689918,15.0,0.0,0.0,0.0,0.0,93.0,4.0,0.0,0.0,0.0,0.0,0.0
268,16080,16140,Normal,0,No sustained airflow reduction with oxygen drop,13.504166666664654,15.0,0.0,0.0,0.0,0.0,95.0,2.0,0.0,0.0,0.0,0.0,0.0
269,16140,16200,Normal,0,No sustained airflow reduction with oxygen drop,13.002070393375162,15.0,0.0,0.0,0.0,0.0,96.0,1.0,0.0,0.0,0.0,0.0,0.0
270,16200,16260,HSA,3,Reduced airflow + oxygen drop,14.0,15.0,0.0,0.0,0.0,0.0,65.0,34.0,2.0,0.0,0.0,0.08888888888888889,3.0
271,16260,16320,Normal,0,No sustained airflow reduction with oxygen drop,13.187499999998579,15.0,0.0,0.0,0.0,0.0,96.0,0.0,0.0,0.0,0.0,0.0,0.0
272,16320,16380,HSA,3,Reduced airflow + oxygen drop,12.91666666667235,15.0,0.0,0.0,0.0,0.0,95.0,4.0,0.0,0.0,0.0,0.016666666666666666,0.6666666666666666
273,16380,16440,Normal,0,No sustained airflow reduction with oxygen drop,13.229674796752002,15.0,0.0,0.0,0.0,0.0,94.0,2.0,0.0,0.0,0.0,0.03333333333333333,1.3333333333333333
274,16440,16500,Normal,0,No sustained airflow reduction with oxygen drop,13.461697722570797,15.0,0.0,0.0,0.0,0.0,93.0,3.0,0.0,0.0,0.0,0.0,0.0
275,16500,16560,Normal,0,No sustained airflow reduction with oxygen drop,14.0,15.0,0.0,0.0,0.0,0.0,95.0,2.0,0.0,0.0,0.0,0.0,0.0
276,16560,16620,Normal,0,No sustained airflow reduction with oxygen drop,13.313541666662617,15.0,0.0,0.0,0.0,0.0,95.0,1.0,0.0,0.0,0.0,0.0,0.0
277,16620,16680,Normal,0,No sustained airflow reduction with oxygen drop,13.136645962738113,15.0,0.0,0.0,0.0,0.0,94.0,2.0,0.0,0.0,0.0,0.0,0.0
278,16680,16740,Normal,0,No sustained airflow reduction with oxygen drop,13.434782608693688,15.0,0.0,0.0,0.0,0.0,94.0,2.0,0.0,0.0,0.0,0.0,0.0
279,16740,16800,Normal,0,No sustained airflow reduction with oxygen drop,13.12831241284141,15.0,0.0,0.0,0.0,0.0,95.0,1.0,0.0,0.0,0.0,0.0,0.0
280,16800,16860,HSA,3,Reduced airflow + oxygen drop,13.0,15.0,0.0,0.0,0.0,0.0,94.0,5.0,0.0,0.0,0.0,0.022222222222222223,1.3333333333333333
281,16860,16920,HSA,3,Reduced airflow + oxygen drop,13.477083333317275,15.0,0.0,0.0,0.0,0.0,91.0,8.0,0.0,0.0,0.0,0.016666666666666666,0.6666666666666666
282,16920,16980,HSA,3,Reduced airflow + oxygen drop,13.015214384512205,15.0,0.0,0.0,0.0,0.0,83.0,13.0,4.0,0.0,0.0,0.0,0.0
283,16980,17040,HSA,3,Reduced airflow + oxygen drop,13.450310559007404,15.0,0.0,0.0,0.0,0.0,65.0,32.0,2.0,0.0,0.0,0.03888888888888889,1.3333333333333333
284,17040,17100,Normal,0,No sustained airflow reduction with oxygen drop,13.117708333334683,14.844270833341255,0.0,0.0,0.0,0.0,95.0,2.0,0.0,0.0,0.0,0.0,0.0
285,17100,17160,Normal,0,No sustained airflow reduction with oxygen drop,13.002076843198763,15.0,0.0,0.0,0.0,0.0,95.0,2.0,0.0,0.0,0.0,0.0,0.0
286,17160,17220,Normal,0,No sustained airflow reduction with oxygen drop,13.101936799182669,15.0,0.0,0.0,0.0,0.0,95.0,1.0,0.0,0.0,0.0,0.0,0.0
287,17220,17280,Normal,0,No sustained airflow reduction with oxygen drop,13.12876427830059,15.0,0.0,0.0,0.0,0.0,94.0,2.0,0.0,0.0,0.0,0.0,0.0
288,17280,17340,Normal,0,No sustained airflow reduction with oxygen drop,13.245341614911533,15.0,0.0,0.0,0.0,0.0,94.0,3.0,0.0,0.0,0.0,0.0,0.0
289,17340,17400,Normal,0,No sustained airflow reduction with oxygen drop,14.0,14.830218068535189,0.0,0.0,0.0,0.0,95.0,2.0,0.0,0.0,0.0,0.0,0.0
290,17400,17460,Normal,0,No sustained airflow reduction with oxygen drop,13.078920041530298,15.0,0.0,0.0,0.0,0.0,95.0,1.0,0.0,0.0,0.0,0.0,0.0
291,17460,17520,Normal,0,No sustained airflow reduction with oxygen drop,13.406832298151594,14.962681159429671,0.0,0.0,0.0,0.0,94.0,3.0,0.0,0.0,0.0,0.0,0.0
292,17520,17580,Normal,0,No sustained airflow reduction with oxygen drop,13.309374999995097,14.9407899844713,0.0,0.0,0.0,0.0,95.0,2.0,0.0,0.1,6.0,0.0,0.0
293,17580,17640,Normal,0,No sustained airflow reduction with oxygen drop,13.015197568370136,15.0,0.0,0.0,0.0,0.0,94.0,3.0,0.0,0.0,0.0,0.0,0.0
294,17640,17700,OSA,1,Very low airflow + oxygen drop + obstruction signal,1.0,14.18380564181976,0.14444444444444443,0.08888888888888889,1.3333333333333333,2.0,65.0,33.0,16.0,0.0,0.0,0.03888888888888889,1.3333333333333333
295,17700,17760,OSA,1,Very low airflow + oxygen drop + obstruction signal,1.0,14.0,0.2388888888888889,0.1388888888888889,1.3333333333333333,1.6666666666666667,84.0,13.0,1.6666666666666667,0.03333333333333333,2.0,0.0,0.0
296,17760,17820,Normal,0,No sustained airflow reduction with oxygen drop,3.0,14.01863354037646,0.25,0.07222222222222222,1.0,1.6666666666666667,93.0,3.0,0.0,0.17222222222222222,6.333333333333333,0.0,0.0
297,17820,17880,OSA,1,Very low airflow + oxygen drop + obstruction signal,1.0791666666601296,14.0,0.17777777777777778,0.05,2.0,2.3333333333333335,92.0,4.0,0.0,0.06666666666666667,4.0,0.0,0.0
298,17880,17940,OSA,1,Very low airflow + oxygen drop + obstruction signal,1.0,14.0,0.19444444444444445,0.07222222222222222,1.3333333333333333,2.3333333333333335,85.0,12.0,4.333333333333333,0.09444444444444444,4.0,0.0,0.0
299,17940,18000,OSA,1,Very low airflow + oxygen drop + obstruction signal,8.318840579707198,14.0,0.20555555555555555,0.0,0.0,2.0,85.0,11.0,1.6666666666666667,0.06666666666666667,4.0,0.0,0.0
300,18000,18060,Normal,0,No sustained airflow reduction with oxygen drop,9.057971014481947,13.852307242988845,0.24444444444444444,0.0,0.0,1.6666666666666667,94.0,1.0,0.0,0.06666666666666667,4.0,0.0,0.0
301,18060,18120,Normal,0,No sustained airflow reduction with oxygen drop,10.008307372795048,14.0,0.17777777777777778,0.0,0.0,2.0,94.0,1.0,0.0,0.0,0.0,0.0,0.0
302,18120,18180,Normal,0,No sustained airflow reduction with oxygen drop,11.0,14.0,0.12222222222222222,0.0,0.0,1.3333333333333333,93.0,2.0,0.0,0.0,0.0,0.0,0.0
303,18180,18240,Normal,0,No sustained airflow reduction with oxygen drop,9.711015736801833,13.893415758049372,0.08888888888888889,0.0,0.0,1.0,93.0,2.0,0.0,0.0,0.0,0.0,0.0
304,18240,18300,OSA,1,Very low airflow + oxygen drop + obstruction signal,10.2741935483994,14.0,0.15555555555555556,0.0,0.0,2.0,65.0,30.0,2.0,0.0,0.0,0.05,2.3333333333333335
305,18300,18360,Normal,0,No sustained airflow reduction with oxygen drop,10.371635610773835,14.0,0.08333333333333333,0.0,0.0,1.0,93.0,2.0,0.0,0.0,0.0,0.0,0.0
306,18360,18420,Normal,0,No sustained airflow reduction with oxygen drop,10.337500000000853,13.856697819308074,0.1111111111111111,0.0,0.0,1.3333333333333333,93.0,1.0238836967857594,0.0,0.06666666666666667,4.0,0.0,0.0
307,18420,18480,Normal,0,No sustained airflow reduction with oxygen drop,11.0,14.0,0.06666666666666667,0.0,0.0,0.6666666666666666,93.0,2.0,0.0,0.03333333333333333,2.0,0.0,0.0
308,18480,18540,Normal,0,No sustained airflow reduction with oxygen drop,10.0,14.0,0.10555555555555556,0.0,0.0,1.0,93.0,2.0,0.0,0.0,0.0,0.0,0.0
309,18540,18600,Normal,0,No sustained airflow reduction with oxygen drop,11.272916666665672,13.859813084111885,0.05,0.0,0.0,0.6666666666666666,92.05383022774292,2.946169772257079,0.0,0.0,0.0,0.0,0.0
310,18600,18660,Normal,0,No sustained airflow reduction with oxygen drop,11.089583333340297,14.0,0.08333333333333333,0.0,0.0,1.6666666666666667,92.0,2.0,0.0,0.0,0.0,0.0,0.0
311,18660,18720,OSA,1,Very low airflow + oxygen drop + obstruction signal,1.0,14.0,0.19444444444444445,0.07222222222222222,1.0,2.0,78.0,19.0,12.0,0.1,6.0,0.0,0.0
312,18720,18780,OSA,1,Very low airflow + oxygen drop + obstruction signal,10.06458333333518,14.0,0.14444444444444443,0.0,0.0,1.3333333333333333,94.0,5.0,0.0,0.0,0.0,0.03888888888888889,1.0
313,18780,18840,Normal,0,No sustained airflow reduction with oxygen drop,9.48333333334129,14.0,0.1388888888888889,0.0,0.0,1.6666666666666667,94.0,1.0,0.0,0.0,0.0,0.0,0.0
314,18840,18900,Normal,0,No sustained airflow reduction with oxygen drop,9.31152647974633,14.0,0.06666666666666667,0.0,0.0,1.0,93.0,3.0,0.0,0.0,0.0,0.0,0.0
315,18900,18960,Normal,0,No sustained airflow reduction with oxygen drop,10.346832814125287,14.0,0.08333333333333333,0.0,0.0,0.6666666666666666,93.0,2.0,0.0,0.0,0.0,0.0,0.0
316,18960,19020,Normal,0,No sustained airflow reduction with oxygen drop,10.379166666676046,14.0,0.07222222222222222,0.0,0.0,0.6666666666666666,93.0,2.0,0.0,0.0,0.0,0.0,0.0
317,19020,19080,OSA,1,Very low airflow + oxygen drop + obstruction signal,7.269791666642295,14.0,0.1111111111111111,0.005555555555555556,0.3333333333333333,1.6666666666666667,91.0,5.0,0.0,0.06666666666666667,4.0,0.0,0.0
318,19080,19140,Normal,0,No sustained airflow reduction with oxygen drop,10.008333333335038,14.721014492753378,0.16666666666666666,0.0,0.0,1.3333333333333333,93.0,2.0,0.0,0.0,0.0,0.0,0.0
319,19140,19200,Normal,0,No sustained airflow reduction with oxygen drop,10.156249999997868,14.0,0.15,0.0,0.0,1.6666666666666667,93.0,2.0,0.0,0.06666666666666667,4.0,0.0,0.0
320,19200,19260,Normal,0,No sustained airflow reduction with oxygen drop,10.275000000053149,14.0,0.11666666666666667,0.0,0.0,1.0,92.0,3.0,0.0,0.1,6.0,0.0,0.0
321,19260,19320,Normal,0,No sustained airflow reduction with oxygen drop,7.492753623175634,14.0108695652196,0.15555555555555556,0.011111111111111112,0.6666666666666666,1.3333333333333333,93.0,2.0,0.0,0.07222222222222222,4.333333333333333,0.0,0.0
322,19320,19380,OSA,1,Very low airflow + oxygen drop + obstruction signal,1.0,14.332294911733953,0.16666666666666666,0.07777777777777778,1.6666666666666667,2.0,70.0,28.0,9.666666666666666,0.06666666666666667,4.0,0.0,0.0
323,19380,19440,HSA,3,Reduced airflow + oxygen drop,10.36250000000597,14.357240675995618,0.08333333333333333,0.0,0.0,1.3333333333333333,81.0,16.0,6.333333333333333,0.0,0.0,0.0,0.0
324,19440,19500,Normal,0,No sustained airflow reduction with oxygen drop,11.0,14.338541565877906,0.05,0.0,0.0,1.3333333333333333,94.0,2.0,0.0,0.0,0.0,0.0,0.0
325,19500,19560,Normal,0,No sustained airflow reduction with oxygen drop,11.056250000000142,14.069707294908946,0.027777777777777776,0.0,0.0,0.6666666666666666,95.0,1.0,0.0,0.07222222222222222,4.333333333333333,0.0,0.0
326,19560,19620,HSA,3,Reduced airflow + oxygen drop,11.019791666659348,14.173319530713528,0.03888888888888889,0.0,0.0,1.3333333333333333,92.0,7.0,0.0,0.0,0.0,0.03888888888888889,1.3333333333333333
327,19620,19680,Normal,0,No sustained airflow reduction with oxygen drop,11.413541666660343,14.184319833856145,0.022222222222222223,0.0,0.0,0.6666666666666666,94.0,1.0,0.0,0.0,0.0,0.0,0.0
328,19680,19740,Normal,0,No sustained airflow reduction with oxygen drop,11.033333333317417,14.532482334167595,0.027777777777777776,0.0,0.0,0.3333333333333333,94.0,1.0,0.0,0.0,0.0,0.0,0.0
329,19740,19800,HSA,3,Reduced airflow + oxygen drop,11.0,14.613182582810508,0.03888888888888889,0.0,0.0,1.6666666666666667,65.0,30.0,2.0,0.0,0.0,0.05,2.6666666666666665
330,19800,19860,OSA,1,Very low airflow + oxygen drop + obstruction signal,2.6947916666610534,14.711801242233891,0.08333333333333333,0.022222222222222223,0.6666666666666666,2.0,84.0,11.0,18.333333333333332,0.06666666666666667,2.0,0.0,0.0
331,19860,19920,CSA,2,Very low airflow + oxygen drop + low movement/snoring,6.6448598130796634,14.0,0.1,0.011111111111111112,0.3333333333333333,1.3333333333333333,71.0,27.0,2.3333333333333335,0.0,0.0,0.0,0.0
332,19920,19980,HSA,3,Reduced airflow + oxygen drop,11.0,14.0,0.06111111111111111,0.0,0.0,1.0,88.0,8.0,0.3333333333333333,0.1,6.0,0.0,0.0
333,19980,20040,OSA,1,Very low airflow + oxygen drop + obstruction signal,5.0,14.490907320887471,0.2,0.03888888888888889,1.3333333333333333,1.6666666666666667,65.0,33.0,19.0,0.027777777777777776,1.6666666666666667,0.0,0.0
334,20040,20100,Normal,0,No sustained airflow reduction with oxygen drop,8.302277432683303,14.389696489147147,0.2388888888888889,0.0,0.0,2.0,95.0,2.0,0.0,0.03333333333333333,2.0,0.0,0.0
335,20100,20160,Normal,0,No sustained airflow reduction with oxygen drop,8.541666666641087,14.136839262382026,0.15555555555555556,0.0,0.0,1.6666666666666667,92.0,3.0,0.0,0.07222222222222222,4.333333333333333,0.0,0.0
336,20160,20220,OSA,1,Very low airflow + oxygen drop + obstruction signal,1.4395833333323387,14.0,0.15555555555555556,0.03333333333333333,1.0,2.0,85.0,10.0,3.0,0.2,6.0,0.0,0.0
337,20220,20280,CSA,2,Very low airflow + oxygen drop + low movement/snoring,4.037267080719026,14.0,0.16666666666666666,0.016666666666666666,1.0,1.6666666666666667,85.0,11.0,5.333333333333333,0.0,0.0,0.0,0.0
338,20280,20340,HSA,3,Reduced airflow + oxygen drop,10.604361370726467,14.07360958402948,0.07777777777777778,0.0,0.0,1.6666666666666667,92.0,4.0,0.0,0.06666666666666667,4.0,0.0,0.0
339,20340,20400,OSA,1,Very low airflow + oxygen drop + obstruction signal,1.0,14.326189843043004,0.12777777777777777,0.06666666666666667,1.6666666666666667,1.6666666666666667,76.0,21.0,19.666666666666668,0.044444444444444446,1.6666666666666667,0.0,0.0
340,20400,20460,OSA,1,Very low airflow + oxygen drop + obstruction signal,1.0,14.087273550724888,0.18333333333333332,0.027777777777777776,1.3333333333333333,2.3333333333333335,85.0,11.0,8.0,0.07777777777777778,3.0,0.0,0.0
341,20460,20520,HSA,3,Reduced airflow + oxygen drop,9.101626016280452,14.760783359296067,0.044444444444444446,0.0,0.0,1.0,87.0,11.0,6.0,0.06666666666666667,4.0,0.0,0.0
342,20520,20580,OSA,1,Very low airflow + oxygen drop + obstruction signal,8.0,14.980311853015117,0.10555555555555556,0.005555555555555556,0.3333333333333333,1.6666666666666667,89.0,9.0,0.0,0.03333333333333333,2.0,0.0,0.0
343,20580,20640,HSA,3,Reduced airflow + oxygen drop,10.631469979311504,14.745460205454386,0.005555555555555556,0.0,0.0,0.3333333333333333,90.0,7.0,0.0,0.06666666666666667,4.0,0.0,0.0
344,20640,20700,HSA,3,Reduced airflow + oxygen drop,6.636458333315783,14.531983385249598,0.08333333333333333,0.011111111111111112,0.6666666666666666,1.6666666666666667,84.0,13.0,0.3333333333333333,0.0,0.0,0.0,0.0
345,20700,20760,HSA,3,Reduced airflow + oxygen drop,11.0,14.655230978258533,0.011111111111111112,0.0,0.0,0.6666666666666666,83.0,14.0,16.333333333333332,0.0,0.0,0.0,0.0
346,20760,20820,HSA,3,Reduced airflow + oxygen drop,11.0,14.81055900620655,0.03333333333333333,0.0,0.0,0.6666666666666666,93.0,4.0,0.0,0.0,0.0,0.0,0.0
347,20820,20880,HSA,3,Reduced airflow + oxygen drop,8.737500000003127,14.691643951199291,0.044444444444444446,0.0,0.0,1.3333333333333333,91.0,6.0,0.0,0.0,0.0,0.0,0.0
348,20880,20940,HSA,3,Reduced airflow + oxygen drop,8.525000000005116,14.927051492015933,0.016666666666666666,0.0,0.0,1.0,94.0,4.0,0.0,0.03333333333333333,2.0,0.0,0.0
349,20940,21000,HSA,3,Reduced airflow + oxygen drop,11.31910569105761,14.812272845276546,0.005555555555555556,0.0,0.0,0.3333333333333333,92.0,6.0,0.0,0.19444444444444445,10.0,0.0,0.0
350,21000,21060,HSA,3,Reduced airflow + oxygen drop,6.21666666666553,14.58082002855608,0.06111111111111111,0.016666666666666666,0.6666666666666666,1.3333333333333333,80.0,16.0,19.0,0.03888888888888889,2.3333333333333335,0.0,0.0
351,21060,21120,OSA,1,Very low airflow + oxygen drop + obstruction signal,1.6873706004182891,14.998442367600928,0.1111111111111111,0.08333333333333333,1.3333333333333333,2.0,65.0,33.0,10.333333333333334,0.06666666666666667,4.0,0.0,0.0
352,21120,21180,OSA,1,Very low airflow + oxygen drop + obstruction signal,1.0,14.497403946001548,0.22777777777777777,0.03333333333333333,1.3333333333333333,1.6666666666666667,65.0,34.0,1.6666666666666667,0.16111111111111112,5.666666666666667,0.0,0.0
353,21180,21240,OSA,1,Very low airflow + oxygen drop + obstruction signal,1.0,14.47589037046414,0.18888888888888888,0.06666666666666667,1.6666666666666667,2.0,93.0,5.0,0.0,0.06666666666666667,4.0,0.0,0.0
354,21240,21300,MSA,4,Very low airflow + oxygen drop + both movement and snoring activity,1.0,14.718445850505226,0.19444444444444445,0.08888888888888889,1.6666666666666667,1.6666666666666667,80.0,19.0,16.666666666666668,0.03333333333333333,2.0,0.03888888888888889,1.0
355,21300,21360,OSA,1,Very low airflow + oxygen drop + obstruction signal,10.011422637593192,15.0,0.12222222222222222,0.0,0.0,1.6666666666666667,65.0,33.0,2.0,0.06666666666666667,4.0,0.016666666666666666,0.3333333333333333
356,21360,21420,Normal,0,No sustained airflow reduction with oxygen drop,12.530612244889474,15.0,0.0,0.0,0.0,0.0,96.0,1.0,0.0,0.0,0.0,0.0,0.0
357,21420,21480,Normal,0,No sustained airflow reduction with oxygen drop,12.0,15.0,0.005555555555555556,0.0,0.0,0.3333333333333333,94.0,3.0,0.0,0.0,0.0,0.0,0.0
358,21480,21540,HSA,3,Reduced airflow + oxygen drop,10.20520833334122,15.0,0.005555555555555556,0.0,0.0,0.3333333333333333,65.0,33.0,2.0,0.06666666666666667,4.0,0.016666666666666666,0.6666666666666666
359,21540,21600,Normal,0,No sustained airflow reduction with oxygen drop,13.0,15.0,0.0,0.0,0.0,0.0,94.0,2.0,0.0,0.23333333333333334,8.0,0.016666666666666666,1.0
360,21600,21660,HSA,3,Reduced airflow + oxygen drop,7.618749999990195,15.0,0.03888888888888889,0.011111111111111112,0.6666666666666666,1.3333333333333333,89.0,7.0,0.0,0.044444444444444446,1.6666666666666667,0.0,0.0
361,21660,21720,HSA,3,Reduced airflow + oxygen drop,12.847352024913645,15.0,0.0,0.0,0.0,0.0,89.0,8.0,0.0,0.044444444444444446,1.6666666666666667,0.0,0.0
362,21720,21780,HSA,3,Reduced airflow + oxygen drop,12.804347826081061,15.038020833329746,0.0,0.0,0.0,0.0,93.0,4.0,0.0,0.0,0.0,0.0,0.0
363,21780,21840,HSA,3,Reduced airflow + oxygen drop,12.062499999990052,15.0,0.0,0.0,0.0,0.0,65.0,32.0,2.0,0.1,6.0,0.03333333333333333,1.3333333333333333
364,21840,21900,Normal,0,No sustained airflow reduction with oxygen drop,13.14791666666283,15.0,0.0,0.0,0.0,0.0,95.0,2.0,0.0,0.16666666666666666,4.0,0.05,2.0
365,21900,21960,HSA,3,Reduced airflow + oxygen drop,10.436137071604062,15.0,0.005555555555555556,0.0,0.0,0.3333333333333333,90.0,9.0,0.0,0.06111111111111111,2.0,0.05555555555555555,3.0
366,21960,22020,Normal,0,No sustained airflow reduction with oxygen drop,8.789583333335749,15.0,0.027777777777777776,0.0,0.0,1.0,94.0,3.0,0.0,0.15,5.666666666666667,0.0,0.0
367,22020,22080,HSA,3,Reduced airflow + oxygen drop,8.0,15.0,0.03888888888888889,0.005555555555555556,0.3333333333333333,1.0,84.0,15.0,8.333333333333334,0.1,6.0,0.03888888888888889,1.0
368,22080,22140,OSA,1,Very low airflow + oxygen drop + obstruction signal,5.0,15.0,0.03888888888888889,0.022222222222222223,1.3333333333333333,1.3333333333333333,79.0,19.0,6.666666666666667,0.027777777777777776,1.6666666666666667,0.0,0.0
369,22140,22200,OSA,1,Very low airflow + oxygen drop + obstruction signal,1.0,15.0,0.044444444444444446,0.044444444444444446,1.6666666666666667,1.6666666666666667,65.0,33.0,6.333333333333333,0.14444444444444443,6.0,0.0,0.0
370,22200,22260,OSA,1,Very low airflow + oxygen drop + obstruction signal,1.0,14.862500000000285,0.20555555555555555,0.10555555555555556,1.3333333333333333,2.0,65.0,33.0,6.0,0.18888888888888888,6.333333333333333,0.0,0.0
371,22260,22320,OSA,1,Very low airflow + oxygen drop + obstruction signal,1.0,14.648987538937199,0.16666666666666666,0.08333333333333333,1.6666666666666667,1.6666666666666667,65.0,33.0,6.333333333333333,0.1111111111111111,5.0,0.0,0.0
372,22320,22380,CSA,2,Very low airflow + oxygen drop + low movement/snoring,4.031250000006395,15.0,0.08888888888888889,0.022222222222222223,1.3333333333333333,1.3333333333333333,94.0,4.0,0.0,0.016666666666666666,1.0,0.0,0.0
373,22380,22440,HSA,3,Reduced airflow + oxygen drop,9.129802699865971,14.915368639661773,0.016666666666666666,0.0,0.0,0.3333333333333333,93.0,4.0,0.0,0.1,4.0,0.0,0.0
374,22440,22500,CSA,2,Very low airflow + oxygen drop + low movement/snoring,1.0,15.037951064372677,0.12777777777777777,0.027777777777777776,1.6666666666666667,1.6666666666666667,86.0,11.0,2.0,0.0,0.0,0.0,0.0
375,22500,22560,OSA,1,Very low airflow + oxygen drop + obstruction signal,6.0,15.0,0.10555555555555556,0.011111111111111112,0.6666666666666666,2.0,86.0,11.0,6.0,0.027777777777777776,1.6666666666666667,0.0,0.0
376,22560,22620,CSA,2,Very low airflow + oxygen drop + low movement/snoring,7.142857142852301,15.0,0.05,0.022222222222222223,0.6666666666666666,1.3333333333333333,93.0,5.0,0.0,0.0,0.0,0.0,0.0
377,22620,22680,CSA,2,Very low airflow + oxygen drop + low movement/snoring,6.0,15.0,0.06666666666666667,0.022222222222222223,1.0,1.6666666666666667,88.0,10.0,6.0,0.0,0.0,0.0,0.0
378,22680,22740,HSA,3,Reduced airflow + oxygen drop,11.179166666680594,15.0,0.016666666666666666,0.0,0.0,0.6666666666666666,94.0,4.0,0.0,0.027777777777777776,1.6666666666666667,0.0,0.0
379,22740,22800,HSA,3,Reduced airflow + oxygen drop,10.066458982337723,15.0,0.05,0.0,0.0,1.3333333333333333,93.0,5.0,0.0,0.1,4.0,0.0,0.0
380,22800,22860,HSA,3,Reduced airflow + oxygen drop,10.64182194616472,15.0,0.022222222222222223,0.0,0.0,0.6666666666666666,91.0,6.0,0.0,0.0,0.0,0.0,0.0
381,22860,22920,HSA,3,Reduced airflow + oxygen drop,12.023809523814366,15.0,0.0,0.0,0.0,0.0,91.0,7.0,0.0,0.0,0.0,0.0,0.0
382,22920,22980,OSA,1,Very low airflow + oxygen drop + obstruction signal,4.02803738318329,15.0,0.03888888888888889,0.016666666666666666,0.6666666666666666,1.0,91.0,7.0,0.0,0.027777777777777776,1.6666666666666667,0.0,0.0
383,22980,23040,HSA,3,Reduced airflow + oxygen drop,12.81366459628059,15.0,0.0,0.0,0.0,0.0,91.0,6.0,0.0,0.12222222222222222,4.0,0.0,0.0
384,23040,23100,HSA,3,Reduced airflow + oxygen drop,12.149532710288211,14.853645833331806,0.0,0.0,0.0,0.0,94.0,4.0,0.0,0.022222222222222223,1.3333333333333333,0.0,0.0
385,23100,23160,OSA,1,Very low airflow + oxygen drop + obstruction signal,1.0,14.615264797508635,0.18333333333333332,0.08888888888888889,1.6666666666666667,2.0,84.0,14.0,13.666666666666666,0.1,4.0,0.0,0.0
386,23160,23220,OSA,1,Very low airflow + oxygen drop + obstruction signal,1.0,14.648437500001954,0.2,0.1,1.6666666666666667,1.6666666666666667,65.0,33.0,10.333333333333334,0.03333333333333333,2.0,0.0,0.0
387,23220,23280,HSA,3,Reduced airflow + oxygen drop,11.0,14.626098455345264,0.027777777777777776,0.0,0.0,1.3333333333333333,93.0,4.0,0.0,0.0,0.0,0.0,0.0
388,23280,23340,HSA,3,Reduced airflow + oxygen drop,13.0,14.736136104174737,0.0,0.0,0.0,0.0,93.0,5.0,0.0,0.06111111111111111,3.6666666666666665,0.0,0.0
389,23340,23400,HSA,3,Reduced airflow + oxygen drop,12.214953271037889,14.84866952232353,0.0,0.0,0.0,0.0,94.0,4.0,0.0,0.03333333333333333,2.0,0.0,0.0
390,23400,23460,Normal,0,No sustained airflow reduction with oxygen drop,13.0,14.708342665551035,0.0,0.0,0.0,0.0,95.0,3.0,0.0,0.17222222222222222,4.0,0.0,0.0
391,23460,23520,Normal,0,No sustained airflow reduction with oxygen drop,13.01863354037646,14.959999353010888,0.0,0.0,0.0,0.0,93.0,3.0,0.0,0.1,6.0,0.0,0.0
392,23520,23580,Normal,0,No sustained airflow reduction with oxygen drop,12.064583333323812,14.902551227732356,0.0,0.0,0.0,0.0,94.0,3.0,0.0,0.0,0.0,0.0,0.0
393,23580,23640,Normal,0,No sustained airflow reduction with oxygen drop,11.225000000000568,14.739485981317626,0.011111111111111112,0.0,0.0,0.6666666666666666,95.0,2.0,0.0,0.05555555555555555,2.0,0.0,0.0
394,23640,23700,Normal,0,No sustained airflow reduction with oxygen drop,13.0,14.564182194621814,0.0,0.0,0.0,0.0,94.0,3.0,0.0,0.12222222222222222,4.333333333333333,0.0,0.0
395,23700,23760,OSA,1,Very low airflow + oxygen drop + obstruction signal,1.0,14.649993509861591,0.08333333333333333,0.03333333333333333,1.0,2.3333333333333335,76.0,20.0,6.333333333333333,0.1,4.0,0.0,0.0
396,23760,23820,MSA,4,Very low airflow + oxygen drop + both movement and snoring activity,1.0,14.42687629399536,0.2833333333333333,0.13333333333333333,1.0,1.6666666666666667,72.0,25.0,17.666666666666668,0.044444444444444446,1.6666666666666667,0.03333333333333333,2.0
397,23820,23880,OSA,1,Very low airflow + oxygen drop + obstruction signal,1.0,14.977997799781491,0.35,0.28888888888888886,1.0,1.3333333333333333,65.0,32.0,50.0,0.18333333333333332,4.0,0.0,0.0
398,23880,23940,MSA,4,Very low airflow + oxygen drop + both movement and snoring activity,1.0,14.647455867146116,0.2388888888888889,0.16111111111111112,1.0,1.6666666666666667,65.0,26.0,29.333333333333332,0.044444444444444446,2.6666666666666665,0.022222222222222223,0.6666666666666666
399,23940,24000,OSA,1,Very low airflow + oxygen drop + obstruction signal,8.49428868119207,14.825395212928012,0.19444444444444445,0.0,0.0,1.3333333333333333,65.0,31.0,1.6666666666666667,0.08888888888888889,4.0,0.0,0.0
400,24000,24060,CSA,2,Very low airflow + oxygen drop + low movement/snoring,10.074766355132773,15.0,0.15555555555555556,0.0,0.0,1.0,69.0,27.0,4.333333333333333,0.0,0.0,0.0,0.0
401,24060,24120,Normal,0,No sustained airflow reduction with oxygen drop,11.0,14.043523788413985,0.08333333333333333,0.0,0.0,1.0,95.0,1.0,0.0,0.0,0.0,0.0,0.0
402,24120,24180,OSA,1,Very low airflow + oxygen drop + obstruction signal,10.130208333337242,14.0,0.15,0.0,0.0,1.3333333333333333,65.0,31.0,8.0,0.0,0.0,0.05555555555555555,2.0
403,24180,24240,Normal,0,No sustained airflow reduction with oxygen drop,8.127329192538584,14.145898234684712,0.22777777777777777,0.0,0.0,2.0,96.0,2.0,0.0,0.08888888888888889,4.0,0.005555555555555556,0.3333333333333333
404,24240,24300,Normal,0,No sustained airflow reduction with oxygen drop,9.298958333337668,15.0,0.13333333333333333,0.0,0.0,1.3333333333333333,95.0,1.0,0.0,0.08333333333333333,4.333333333333333,0.0,0.0
405,24300,24360,CSA,2,Very low airflow + oxygen drop + low movement/snoring,11.0,15.0,0.13333333333333333,0.0,0.0,1.3333333333333333,83.0,13.0,10.333333333333334,0.0,0.0,0.0,0.0
406,24360,24420,Normal,0,No sustained airflow reduction with oxygen drop,10.161490683240059,15.245833333338165,0.14444444444444443,0.0,0.0,1.3333333333333333,94.0,1.0,0.0,0.0,0.0,0.0,0.0
407,24420,24480,OSA,1,Very low airflow + oxygen drop + obstruction signal,1.421479229996355,13.99116847826475,0.15555555555555556,0.06111111111111111,1.0,2.0,85.0,12.0,16.0,0.027777777777777776,1.6666666666666667,0.016666666666666666,1.0
408,24480,24540,OSA,1,Very low airflow + oxygen drop + obstruction signal,8.0,14.0,0.15,0.005555555555555556,0.3333333333333333,1.3333333333333333,69.0,28.0,6.333333333333333,0.0,0.0,0.05,2.0
409,24540,24600,Normal,0,No sustained airflow reduction with oxygen drop,8.154166666675478,14.0,0.11666666666666667,0.0,0.0,1.3333333333333333,94.0,3.0,0.0,0.0,0.0,0.0,0.0
410,24600,24660,Normal,0,No sustained airflow reduction with oxygen drop,10.43685300206885,14.0,0.1111111111111111,0.0,0.0,1.0,93.0,3.0,0.0,0.0,0.0,0.0,0.0
411,24660,24720,CSA,2,Very low airflow + oxygen drop + low movement/snoring,8.218750000044764,14.0,0.13333333333333333,0.0,0.0,1.0,92.0,4.0,0.0,0.0,0.0,0.0,0.0
412,24720,24780,OSA,1,Very low airflow + oxygen drop + obstruction signal,6.575664621609239,14.677050882643478,0.15,0.016666666666666666,0.3333333333333333,1.3333333333333333,83.0,15.0,10.333333333333334,0.0,0.0,0.022222222222222223,0.6666666666666666
413,24780,24840,HSA,3,Reduced airflow + oxygen drop,11.032091097303717,14.59358210303158,0.05,0.0,0.0,0.6666666666666666,65.0,31.0,2.0,0.0,0.0,0.05555555555555555,3.3333333333333335
414,24840,24900,CSA,2,Very low airflow + oxygen drop + low movement/snoring,9.412499999993463,14.550520833332303,0.1,0.0,0.0,1.6666666666666667,89.0,7.0,0.0,0.0,0.0,0.0,0.0
415,24900,24960,CSA,2,Very low airflow + oxygen drop + low movement/snoring,8.266666666630288,14.196894409929588,0.1388888888888889,0.0,0.0,1.3333333333333333,87.0,10.0,6.0,0.0,0.0,0.0,0.0
416,24960,25020,MSA,4,Very low airflow + oxygen drop + both movement and snoring activity,10.103842159915443,14.562500000001421,0.13333333333333333,0.0,0.0,1.3333333333333333,65.0,32.0,17.333333333333332,0.1,6.0,0.05555555555555555,3.0
417,25020,25080,CSA,2,Very low airflow + oxygen drop + low movement/snoring,6.035306334378958,14.665628245067285,0.15,0.016666666666666666,1.0,1.6666666666666667,65.0,30.0,8.666666666666666,0.0,0.0,0.0,0.0
418,25080,25140,OSA,1,Very low airflow + oxygen drop + obstruction signal,7.0,14.223602484461033,0.17777777777777778,0.03333333333333333,1.0,1.6666666666666667,87.0,7.0,1.0,0.1,4.0,0.0,0.0
419,25140,25200,OSA,1,Very low airflow + oxygen drop + obstruction signal,4.54451345755469,14.515248287040155,0.17222222222222222,0.011111111111111112,0.6666666666666666,2.0,65.0,31.0,6.0,0.027777777777777776,1.6666666666666667,0.0,0.0
420,25200,25260,OSA,1,Very low airflow + oxygen drop + obstruction signal,7.59501557634337,14.515847287118257,0.19444444444444445,0.005555555555555556,0.3333333333333333,1.6666666666666667,90.0,8.0,0.0,0.03333333333333333,2.0,0.0,0.0
421,25260,25320,OSA,1,Very low airflow + oxygen drop + obstruction signal,9.062111801232271,14.527516821940448,0.2388888888888889,0.0,0.0,2.0,91.0,4.0,0.0,0.08888888888888889,3.3333333333333335,0.0,0.0
422,25320,25380,OSA,1,Very low airflow + oxygen drop + obstruction signal,4.345833333267679,14.506470664585473,0.2,0.022222222222222223,0.6666666666666666,2.0,89.0,7.0,0.0,0.08333333333333333,2.3333333333333335,0.0,0.0
423,25380,25440,CSA,2,Very low airflow + oxygen drop + low movement/snoring,3.718750000010658,14.382291666648264,0.20555555555555555,0.03333333333333333,1.3333333333333333,2.0,65.0,31.0,6.666666666666667,0.0,0.0,0.0,0.0
424,25440,25500,CSA,2,Very low airflow + oxygen drop + low movement/snoring,9.211180124221357,14.417967132511144,0.17222222222222222,0.0,0.0,1.6666666666666667,88.0,8.0,2.3333333333333335,0.0,0.0,0.0,0.0
425,25500,25560,CSA,2,Very low airflow + oxygen drop + low movement/snoring,10.0,14.044791666670148,0.17777777777777778,0.0,0.0,2.0,65.0,34.0,8.0,0.0,0.0,0.0,0.0
426,25560,25620,CSA,2,Very low airflow + oxygen drop + low movement/snoring,9.355072463795134,14.292187499997265,0.15555555555555556,0.0,0.0,1.6666666666666667,86.0,9.0,2.0,0.0,0.0,0.0,0.0
427,25620,25680,CSA,2,Very low airflow + oxygen drop + low movement/snoring,10.474120082799173,14.474074792978012,0.17222222222222222,0.0,0.0,1.6666666666666667,65.0,34.0,8.333333333333334,0.0,0.0,0.0,0.0
428,25680,25740,CSA,2,Very low airflow + oxygen drop + low movement/snoring,10.096273291922449,14.0,0.19444444444444445,0.0,0.0,1.6666666666666667,91.0,5.0,0.0,0.0,0.0,0.0,0.0
429,25740,25800,OSA,1,Very low airflow + oxygen drop + obstruction signal,11.0,14.0,0.10555555555555556,0.0,0.0,1.0,65.0,30.0,6.333333333333333,0.0,0.0,0.044444444444444446,1.6666666666666667
430,25800,25860,HSA,3,Reduced airflow + oxygen drop,11.019841269823768,15.231884057978629,0.03333333333333333,0.0,0.0,0.6666666666666666,81.0,16.0,8.0,0.0,0.0,0.0,0.0
431,25860,25920,HSA,3,Reduced airflow + oxygen drop,12.624999999991681,17.0,0.0,0.0,0.0,0.0,78.0,19.0,6.0,0.1,4.0,0.0,0.0
432,25920,25980,HSA,3,Reduced airflow + oxygen drop,13.0,17.39389233953988,0.0,0.0,0.0,0.0,65.0,34.0,8.333333333333334,0.0,0.0,0.0,0.0
433,25980,26040,HSA,3,Reduced airflow + oxygen drop,13.10766045548584,17.7860264227659,0.0,0.0,0.0,0.0,65.0,34.0,16.0,0.0,0.0,0.0,0.0
434,26040,26100,HSA,3,Reduced airflow + oxygen drop,10.500000000034106,17.841344014242836,0.005555555555555556,0.0,0.0,0.3333333333333333,65.0,31.0,8.333333333333334,0.06666666666666667,4.0,0.0,0.0
435,26100,26160,HSA,3,Reduced airflow + oxygen drop,13.049689440969999,18.0,0.0,0.0,0.0,0.0,65.0,34.0,10.0,0.06111111111111111,3.6666666666666665,0.07777777777777778,1.6666666666666667
436,26160,26220,Normal,0,No sustained airflow reduction with oxygen drop,13.209109730846194,18.386292834890437,0.0,0.0,0.0,0.0,65.0,34.0,17.0,0.06666666666666667,4.0,0.027777777777777776,1.6666666666666667
437,26220,26280,Normal,0,No sustained airflow reduction with oxygen drop,13.21910695742408,18.4086244824,0.0,0.0,0.0,0.0,65.0,33.0,16.666666666666668,0.0,0.0,0.022222222222222223,1.0
438,26280,26340,Normal,0,No sustained airflow reduction with oxygen drop,13.161490683228761,18.42990654204744,0.0,0.0,0.0,0.0,65.0,31.0,22.666666666666668,0.027777777777777776,1.6666666666666667,0.022222222222222223,0.6666666666666666
439,26340,26400,Normal,0,No sustained airflow reduction with oxygen drop,13.383333333320827,18.935937500003945,0.0,0.0,0.0,0.0,65.0,34.0,23.0,0.027777777777777776,1.6666666666666667,0.0,0.0
440,26400,26460,Normal,0,No sustained airflow reduction with oxygen drop,14.091097308484542,18.6437241200838,0.0,0.0,0.0,0.0,65.0,34.0,23.0,0.0,0.0,0.0,0.0
441,26460,26520,Normal,0,No sustained airflow reduction with oxygen drop,10.223602484517523,19.00392927308887,0.005555555555555556,0.0,0.0,0.3333333333333333,86.0,12.0,5.666666666666667,0.0,0.0,0.0,0.0
442,26520,26580,CSA,2,Very low airflow + oxygen drop + low movement/snoring,1.0,19.54794153880303,0.027777777777777776,0.016666666666666666,1.0,1.3333333333333333,82.0,17.0,12.0,0.0,0.0,0.0,0.0
443,26580,26640,HSA,3,Reduced airflow + oxygen drop,9.836438923407375,19.703988326850297,0.05,0.0,0.0,1.3333333333333333,65.0,32.0,18.333333333333332,0.06666666666666667,4.0,0.0,0.0
444,26640,26700,Normal,0,No sustained airflow reduction with oxygen drop,12.520249221187932,19.79802699896571,0.0,0.0,0.0,0.0,65.0,34.0,2.0,0.027777777777777776,1.6666666666666667,0.08888888888888889,2.3333333333333335
445,26700,26760,Normal,0,No sustained airflow reduction with oxygen drop,12.015527950313716,20.0,0.0,0.0,0.0,0.0,95.0,4.0,0.0,0.03333333333333333,2.0,0.03888888888888889,1.0
446,26760,26820,Normal,0,No sustained airflow reduction with oxygen drop,10.0,21.188405797099,0.022222222222222223,0.0,0.0,0.6666666666666666,79.0,19.0,6.0,0.0,0.0,0.0,0.0
